-- phpMyAdmin SQL Dump
-- version 5.2.0
-- https://www.phpmyadmin.net/
--
-- Host: 127.0.0.1
-- Generation Time: Jun 23, 2023 at 03:04 PM
-- Server version: 10.4.25-MariaDB
-- PHP Version: 8.1.10

SET SQL_MODE = "NO_AUTO_VALUE_ON_ZERO";
START TRANSACTION;
SET time_zone = "+00:00";




-- soal 

/*


sssss

*/

/*!40101 SET @OLD_CHARACTER_SET_CLIENT=@@CHARACTER_SET_CLIENT */;
/*!40101 SET @OLD_CHARACTER_SET_RESULTS=@@CHARACTER_SET_RESULTS */;
/*!40101 SET @OLD_COLLATION_CONNECTION=@@COLLATION_CONNECTION */;
/*!40101 SET NAMES utf8mb4 */;

--
-- Database: `qualitycontrol-db-dandi`
--

-- --------------------------------------------------------

--
-- Stand-in structure for view `report_uang_palsu`
-- (See below for the actual view)
--
CREATE TABLE `report_uang_palsu` (
`jenis_uang` varchar(50)
,`jumlah_palsu` bigint(21)
);

-- --------------------------------------------------------

--
-- Table structure for table `transaksi`
--

CREATE TABLE `transaksi` (
  `id` int(11) NOT NULL,
  `nomor_transaksi` varchar(50) DEFAULT NULL,
  `tanggal_transaksi` date DEFAULT NULL,
  `uang_id` int(11) DEFAULT NULL
) ENGINE=InnoDB DEFAULT CHARSET=utf8mb4;

--
-- Dumping data for table `transaksi`
--

INSERT INTO `transaksi` (`id`, `nomor_transaksi`, `tanggal_transaksi`, `uang_id`) VALUES
(0, 'TRX0', '2023-06-23', 0),
(1, 'TRX1', '2023-06-23', 1),
(2, 'TRX2', '2023-06-23', 2),
(3, 'TRX3', '2023-06-23', 3),
(4, 'TRX4', '2023-06-23', 4),
(5, 'TRX5', '2023-06-23', 5),
(6, 'TRX6', '2023-06-23', 6),
(7, 'TRX7', '2023-06-23', 7),
(8, 'TRX8', '2023-06-23', 8),
(9, 'TRX9', '2023-06-23', 9),
(10, 'TRX10', '2023-06-23', 10),
(11, 'TRX11', '2023-06-23', 11),
(12, 'TRX12', '2023-06-23', 12),
(13, 'TRX13', '2023-06-23', 13),
(14, 'TRX14', '2023-06-23', 14),
(15, 'TRX15', '2023-06-23', 15),
(16, 'TRX16', '2023-06-23', 16),
(17, 'TRX17', '2023-06-23', 17),
(18, 'TRX18', '2023-06-23', 18),
(19, 'TRX19', '2023-06-23', 19),
(20, 'TRX20', '2023-06-23', 20),
(21, 'TRX21', '2023-06-23', 21),
(22, 'TRX22', '2023-06-23', 22),
(23, 'TRX23', '2023-06-23', 23),
(24, 'TRX24', '2023-06-23', 24),
(25, 'TRX25', '2023-06-23', 25),
(26, 'TRX26', '2023-06-23', 26),
(27, 'TRX27', '2023-06-23', 27),
(28, 'TRX28', '2023-06-23', 28),
(29, 'TRX29', '2023-06-23', 29),
(30, 'TRX30', '2023-06-23', 30),
(31, 'TRX31', '2023-06-23', 31),
(32, 'TRX32', '2023-06-23', 32),
(33, 'TRX33', '2023-06-23', 33),
(34, 'TRX34', '2023-06-23', 34),
(35, 'TRX35', '2023-06-23', 35),
(36, 'TRX36', '2023-06-23', 36),
(37, 'TRX37', '2023-06-23', 37),
(38, 'TRX38', '2023-06-23', 38),
(39, 'TRX39', '2023-06-23', 39),
(40, 'TRX40', '2023-06-23', 40),
(41, 'TRX41', '2023-06-23', 41),
(42, 'TRX42', '2023-06-23', 42),
(43, 'TRX43', '2023-06-23', 43),
(44, 'TRX44', '2023-06-23', 44),
(45, 'TRX45', '2023-06-23', 45),
(46, 'TRX46', '2023-06-23', 46),
(47, 'TRX47', '2023-06-23', 47),
(48, 'TRX48', '2023-06-23', 48),
(49, 'TRX49', '2023-06-23', 49),
(50, 'TRX50', '2023-06-23', 50),
(51, 'TRX51', '2023-06-23', 51),
(52, 'TRX52', '2023-06-23', 52),
(53, 'TRX53', '2023-06-23', 53),
(54, 'TRX54', '2023-06-23', 54),
(55, 'TRX55', '2023-06-23', 55),
(56, 'TRX56', '2023-06-23', 56),
(57, 'TRX57', '2023-06-23', 57),
(58, 'TRX58', '2023-06-23', 58),
(59, 'TRX59', '2023-06-23', 59),
(60, 'TRX60', '2023-06-23', 60),
(61, 'TRX61', '2023-06-23', 61),
(62, 'TRX62', '2023-06-23', 62),
(63, 'TRX63', '2023-06-23', 63),
(64, 'TRX64', '2023-06-23', 64),
(65, 'TRX65', '2023-06-23', 65),
(66, 'TRX66', '2023-06-23', 66),
(67, 'TRX67', '2023-06-23', 67),
(68, 'TRX68', '2023-06-23', 68),
(69, 'TRX69', '2023-06-23', 69),
(70, 'TRX70', '2023-06-23', 70),
(71, 'TRX71', '2023-06-23', 71),
(72, 'TRX72', '2023-06-23', 72),
(73, 'TRX73', '2023-06-23', 73),
(74, 'TRX74', '2023-06-23', 74),
(75, 'TRX75', '2023-06-23', 75),
(76, 'TRX76', '2023-06-23', 76),
(77, 'TRX77', '2023-06-23', 77),
(78, 'TRX78', '2023-06-23', 78),
(79, 'TRX79', '2023-06-23', 79),
(80, 'TRX80', '2023-06-23', 80),
(81, 'TRX81', '2023-06-23', 81),
(82, 'TRX82', '2023-06-23', 82),
(83, 'TRX83', '2023-06-23', 83),
(84, 'TRX84', '2023-06-23', 84),
(85, 'TRX85', '2023-06-23', 85),
(86, 'TRX86', '2023-06-23', 86),
(87, 'TRX87', '2023-06-23', 87),
(88, 'TRX88', '2023-06-23', 88),
(89, 'TRX89', '2023-06-23', 89),
(90, 'TRX90', '2023-06-23', 90),
(91, 'TRX91', '2023-06-23', 91),
(92, 'TRX92', '2023-06-23', 92),
(93, 'TRX93', '2023-06-23', 93),
(94, 'TRX94', '2023-06-23', 94),
(95, 'TRX95', '2023-06-23', 95),
(96, 'TRX96', '2023-06-23', 96),
(97, 'TRX97', '2023-06-23', 97),
(98, 'TRX98', '2023-06-23', 98),
(99, 'TRX99', '2023-06-23', 99),
(100, 'TRX100', '2023-06-23', 100),
(101, 'TRX101', '2023-06-23', 101),
(102, 'TRX102', '2023-06-23', 102),
(103, 'TRX103', '2023-06-23', 103),
(104, 'TRX104', '2023-06-23', 104),
(105, 'TRX105', '2023-06-23', 105),
(106, 'TRX106', '2023-06-23', 106),
(107, 'TRX107', '2023-06-23', 107),
(108, 'TRX108', '2023-06-23', 108),
(109, 'TRX109', '2023-06-23', 109),
(110, 'TRX110', '2023-06-23', 110),
(111, 'TRX111', '2023-06-23', 111),
(112, 'TRX112', '2023-06-23', 112),
(113, 'TRX113', '2023-06-23', 113),
(114, 'TRX114', '2023-06-23', 114),
(115, 'TRX115', '2023-06-23', 115),
(116, 'TRX116', '2023-06-23', 116),
(117, 'TRX117', '2023-06-23', 117),
(118, 'TRX118', '2023-06-23', 118),
(119, 'TRX119', '2023-06-23', 119),
(120, 'TRX120', '2023-06-23', 120),
(121, 'TRX121', '2023-06-23', 121),
(122, 'TRX122', '2023-06-23', 122),
(123, 'TRX123', '2023-06-23', 123),
(124, 'TRX124', '2023-06-23', 124),
(125, 'TRX125', '2023-06-23', 125),
(126, 'TRX126', '2023-06-23', 126),
(127, 'TRX127', '2023-06-23', 127),
(128, 'TRX128', '2023-06-23', 128),
(129, 'TRX129', '2023-06-23', 129),
(130, 'TRX130', '2023-06-23', 130),
(131, 'TRX131', '2023-06-23', 131),
(132, 'TRX132', '2023-06-23', 132),
(133, 'TRX133', '2023-06-23', 133),
(134, 'TRX134', '2023-06-23', 134),
(135, 'TRX135', '2023-06-23', 135),
(136, 'TRX136', '2023-06-23', 136),
(137, 'TRX137', '2023-06-23', 137),
(138, 'TRX138', '2023-06-23', 138),
(139, 'TRX139', '2023-06-23', 139),
(140, 'TRX140', '2023-06-23', 140),
(141, 'TRX141', '2023-06-23', 141),
(142, 'TRX142', '2023-06-23', 142),
(143, 'TRX143', '2023-06-23', 143),
(144, 'TRX144', '2023-06-23', 144),
(145, 'TRX145', '2023-06-23', 145),
(146, 'TRX146', '2023-06-23', 146),
(147, 'TRX147', '2023-06-23', 147),
(148, 'TRX148', '2023-06-23', 148),
(149, 'TRX149', '2023-06-23', 149),
(150, 'TRX150', '2023-06-23', 150),
(151, 'TRX151', '2023-06-23', 151),
(152, 'TRX152', '2023-06-23', 152),
(153, 'TRX153', '2023-06-23', 153),
(154, 'TRX154', '2023-06-23', 154),
(155, 'TRX155', '2023-06-23', 155),
(156, 'TRX156', '2023-06-23', 156),
(157, 'TRX157', '2023-06-23', 157),
(158, 'TRX158', '2023-06-23', 158),
(159, 'TRX159', '2023-06-23', 159),
(160, 'TRX160', '2023-06-23', 160),
(161, 'TRX161', '2023-06-23', 161),
(162, 'TRX162', '2023-06-23', 162),
(163, 'TRX163', '2023-06-23', 163),
(164, 'TRX164', '2023-06-23', 164),
(165, 'TRX165', '2023-06-23', 165),
(166, 'TRX166', '2023-06-23', 166),
(167, 'TRX167', '2023-06-23', 167),
(168, 'TRX168', '2023-06-23', 168),
(169, 'TRX169', '2023-06-23', 169),
(170, 'TRX170', '2023-06-23', 170),
(171, 'TRX171', '2023-06-23', 171),
(172, 'TRX172', '2023-06-23', 172),
(173, 'TRX173', '2023-06-23', 173),
(174, 'TRX174', '2023-06-23', 174),
(175, 'TRX175', '2023-06-23', 175),
(176, 'TRX176', '2023-06-23', 176),
(177, 'TRX177', '2023-06-23', 177),
(178, 'TRX178', '2023-06-23', 178),
(179, 'TRX179', '2023-06-23', 179),
(180, 'TRX180', '2023-06-23', 180),
(181, 'TRX181', '2023-06-23', 181),
(182, 'TRX182', '2023-06-23', 182),
(183, 'TRX183', '2023-06-23', 183),
(184, 'TRX184', '2023-06-23', 184),
(185, 'TRX185', '2023-06-23', 185),
(186, 'TRX186', '2023-06-23', 186),
(187, 'TRX187', '2023-06-23', 187),
(188, 'TRX188', '2023-06-23', 188),
(189, 'TRX189', '2023-06-23', 189),
(190, 'TRX190', '2023-06-23', 190),
(191, 'TRX191', '2023-06-23', 191),
(192, 'TRX192', '2023-06-23', 192),
(193, 'TRX193', '2023-06-23', 193),
(194, 'TRX194', '2023-06-23', 194),
(195, 'TRX195', '2023-06-23', 195),
(196, 'TRX196', '2023-06-23', 196),
(197, 'TRX197', '2023-06-23', 197),
(198, 'TRX198', '2023-06-23', 198),
(199, 'TRX199', '2023-06-23', 199),
(200, 'TRX200', '2023-06-23', 200),
(201, 'TRX201', '2023-06-23', 201),
(202, 'TRX202', '2023-06-23', 202),
(203, 'TRX203', '2023-06-23', 203),
(204, 'TRX204', '2023-06-23', 204),
(205, 'TRX205', '2023-06-23', 205),
(206, 'TRX206', '2023-06-23', 206),
(207, 'TRX207', '2023-06-23', 207),
(208, 'TRX208', '2023-06-23', 208),
(209, 'TRX209', '2023-06-23', 209),
(210, 'TRX210', '2023-06-23', 210),
(211, 'TRX211', '2023-06-23', 211),
(212, 'TRX212', '2023-06-23', 212),
(213, 'TRX213', '2023-06-23', 213),
(214, 'TRX214', '2023-06-23', 214),
(215, 'TRX215', '2023-06-23', 215),
(216, 'TRX216', '2023-06-23', 216),
(217, 'TRX217', '2023-06-23', 217),
(218, 'TRX218', '2023-06-23', 218),
(219, 'TRX219', '2023-06-23', 219),
(220, 'TRX220', '2023-06-23', 220),
(221, 'TRX221', '2023-06-23', 221),
(222, 'TRX222', '2023-06-23', 222),
(223, 'TRX223', '2023-06-23', 223),
(224, 'TRX224', '2023-06-23', 224),
(225, 'TRX225', '2023-06-23', 225),
(226, 'TRX226', '2023-06-23', 226),
(227, 'TRX227', '2023-06-23', 227),
(228, 'TRX228', '2023-06-23', 228),
(229, 'TRX229', '2023-06-23', 229),
(230, 'TRX230', '2023-06-23', 230),
(231, 'TRX231', '2023-06-23', 231),
(232, 'TRX232', '2023-06-23', 232),
(233, 'TRX233', '2023-06-23', 233),
(234, 'TRX234', '2023-06-23', 234),
(235, 'TRX235', '2023-06-23', 235),
(236, 'TRX236', '2023-06-23', 236),
(237, 'TRX237', '2023-06-23', 237),
(238, 'TRX238', '2023-06-23', 238),
(239, 'TRX239', '2023-06-23', 239),
(240, 'TRX240', '2023-06-23', 240),
(241, 'TRX241', '2023-06-23', 241),
(242, 'TRX242', '2023-06-23', 242),
(243, 'TRX243', '2023-06-23', 243),
(244, 'TRX244', '2023-06-23', 244),
(245, 'TRX245', '2023-06-23', 245),
(246, 'TRX246', '2023-06-23', 246),
(247, 'TRX247', '2023-06-23', 247),
(248, 'TRX248', '2023-06-23', 248),
(249, 'TRX249', '2023-06-23', 249),
(250, 'TRX250', '2023-06-23', 250),
(251, 'TRX251', '2023-06-23', 251),
(252, 'TRX252', '2023-06-23', 252),
(253, 'TRX253', '2023-06-23', 253),
(254, 'TRX254', '2023-06-23', 254),
(255, 'TRX255', '2023-06-23', 255),
(256, 'TRX256', '2023-06-23', 256),
(257, 'TRX257', '2023-06-23', 257),
(258, 'TRX258', '2023-06-23', 258),
(259, 'TRX259', '2023-06-23', 259),
(260, 'TRX260', '2023-06-23', 260),
(261, 'TRX261', '2023-06-23', 261),
(262, 'TRX262', '2023-06-23', 262),
(263, 'TRX263', '2023-06-23', 263),
(264, 'TRX264', '2023-06-23', 264),
(265, 'TRX265', '2023-06-23', 265),
(266, 'TRX266', '2023-06-23', 266),
(267, 'TRX267', '2023-06-23', 267),
(268, 'TRX268', '2023-06-23', 268),
(269, 'TRX269', '2023-06-23', 269),
(270, 'TRX270', '2023-06-23', 270),
(271, 'TRX271', '2023-06-23', 271),
(272, 'TRX272', '2023-06-23', 272),
(273, 'TRX273', '2023-06-23', 273),
(274, 'TRX274', '2023-06-23', 274),
(275, 'TRX275', '2023-06-23', 275),
(276, 'TRX276', '2023-06-23', 276),
(277, 'TRX277', '2023-06-23', 277),
(278, 'TRX278', '2023-06-23', 278),
(279, 'TRX279', '2023-06-23', 279),
(280, 'TRX280', '2023-06-23', 280),
(281, 'TRX281', '2023-06-23', 281),
(282, 'TRX282', '2023-06-23', 282),
(283, 'TRX283', '2023-06-23', 283),
(284, 'TRX284', '2023-06-23', 284),
(285, 'TRX285', '2023-06-23', 285),
(286, 'TRX286', '2023-06-23', 286),
(287, 'TRX287', '2023-06-23', 287),
(288, 'TRX288', '2023-06-23', 288),
(289, 'TRX289', '2023-06-23', 289),
(290, 'TRX290', '2023-06-23', 290),
(291, 'TRX291', '2023-06-23', 291),
(292, 'TRX292', '2023-06-23', 292),
(293, 'TRX293', '2023-06-23', 293),
(294, 'TRX294', '2023-06-23', 294),
(295, 'TRX295', '2023-06-23', 295),
(296, 'TRX296', '2023-06-23', 296),
(297, 'TRX297', '2023-06-23', 297),
(298, 'TRX298', '2023-06-23', 298),
(299, 'TRX299', '2023-06-23', 299),
(300, 'TRX300', '2023-06-23', 300),
(301, 'TRX301', '2023-06-23', 301),
(302, 'TRX302', '2023-06-23', 302),
(303, 'TRX303', '2023-06-23', 303),
(304, 'TRX304', '2023-06-23', 304),
(305, 'TRX305', '2023-06-23', 305),
(306, 'TRX306', '2023-06-23', 306),
(307, 'TRX307', '2023-06-23', 307),
(308, 'TRX308', '2023-06-23', 308),
(309, 'TRX309', '2023-06-23', 309),
(310, 'TRX310', '2023-06-23', 310),
(311, 'TRX311', '2023-06-23', 311),
(312, 'TRX312', '2023-06-23', 312),
(313, 'TRX313', '2023-06-23', 313),
(314, 'TRX314', '2023-06-23', 314),
(315, 'TRX315', '2023-06-23', 315),
(316, 'TRX316', '2023-06-23', 316),
(317, 'TRX317', '2023-06-23', 317),
(318, 'TRX318', '2023-06-23', 318),
(319, 'TRX319', '2023-06-23', 319),
(320, 'TRX320', '2023-06-23', 320),
(321, 'TRX321', '2023-06-23', 321),
(322, 'TRX322', '2023-06-23', 322),
(323, 'TRX323', '2023-06-23', 323),
(324, 'TRX324', '2023-06-23', 324),
(325, 'TRX325', '2023-06-23', 325),
(326, 'TRX326', '2023-06-23', 326),
(327, 'TRX327', '2023-06-23', 327),
(328, 'TRX328', '2023-06-23', 328),
(329, 'TRX329', '2023-06-23', 329),
(330, 'TRX330', '2023-06-23', 330),
(331, 'TRX331', '2023-06-23', 331),
(332, 'TRX332', '2023-06-23', 332),
(333, 'TRX333', '2023-06-23', 333),
(334, 'TRX334', '2023-06-23', 334),
(335, 'TRX335', '2023-06-23', 335),
(336, 'TRX336', '2023-06-23', 336),
(337, 'TRX337', '2023-06-23', 337),
(338, 'TRX338', '2023-06-23', 338),
(339, 'TRX339', '2023-06-23', 339),
(340, 'TRX340', '2023-06-23', 340),
(341, 'TRX341', '2023-06-23', 341),
(342, 'TRX342', '2023-06-23', 342),
(343, 'TRX343', '2023-06-23', 343),
(344, 'TRX344', '2023-06-23', 344),
(345, 'TRX345', '2023-06-23', 345),
(346, 'TRX346', '2023-06-23', 346),
(347, 'TRX347', '2023-06-23', 347),
(348, 'TRX348', '2023-06-23', 348),
(349, 'TRX349', '2023-06-23', 349),
(350, 'TRX350', '2023-06-23', 350),
(351, 'TRX351', '2023-06-23', 351),
(352, 'TRX352', '2023-06-23', 352),
(353, 'TRX353', '2023-06-23', 353),
(354, 'TRX354', '2023-06-23', 354),
(355, 'TRX355', '2023-06-23', 355),
(356, 'TRX356', '2023-06-23', 356),
(357, 'TRX357', '2023-06-23', 357),
(358, 'TRX358', '2023-06-23', 358),
(359, 'TRX359', '2023-06-23', 359),
(360, 'TRX360', '2023-06-23', 360),
(361, 'TRX361', '2023-06-23', 361),
(362, 'TRX362', '2023-06-23', 362),
(363, 'TRX363', '2023-06-23', 363),
(364, 'TRX364', '2023-06-23', 364),
(365, 'TRX365', '2023-06-23', 365),
(366, 'TRX366', '2023-06-23', 366),
(367, 'TRX367', '2023-06-23', 367),
(368, 'TRX368', '2023-06-23', 368),
(369, 'TRX369', '2023-06-23', 369),
(370, 'TRX370', '2023-06-23', 370),
(371, 'TRX371', '2023-06-23', 371),
(372, 'TRX372', '2023-06-23', 372),
(373, 'TRX373', '2023-06-23', 373),
(374, 'TRX374', '2023-06-23', 374),
(375, 'TRX375', '2023-06-23', 375),
(376, 'TRX376', '2023-06-23', 376),
(377, 'TRX377', '2023-06-23', 377),
(378, 'TRX378', '2023-06-23', 378),
(379, 'TRX379', '2023-06-23', 379),
(380, 'TRX380', '2023-06-23', 380),
(381, 'TRX381', '2023-06-23', 381),
(382, 'TRX382', '2023-06-23', 382),
(383, 'TRX383', '2023-06-23', 383),
(384, 'TRX384', '2023-06-23', 384),
(385, 'TRX385', '2023-06-23', 385),
(386, 'TRX386', '2023-06-23', 386),
(387, 'TRX387', '2023-06-23', 387),
(388, 'TRX388', '2023-06-23', 388),
(389, 'TRX389', '2023-06-23', 389),
(390, 'TRX390', '2023-06-23', 390),
(391, 'TRX391', '2023-06-23', 391),
(392, 'TRX392', '2023-06-23', 392),
(393, 'TRX393', '2023-06-23', 393),
(394, 'TRX394', '2023-06-23', 394),
(395, 'TRX395', '2023-06-23', 395),
(396, 'TRX396', '2023-06-23', 396),
(397, 'TRX397', '2023-06-23', 397),
(398, 'TRX398', '2023-06-23', 398),
(399, 'TRX399', '2023-06-23', 399),
(400, 'TRX400', '2023-06-23', 400),
(401, 'TRX401', '2023-06-23', 401),
(402, 'TRX402', '2023-06-23', 402),
(403, 'TRX403', '2023-06-23', 403),
(404, 'TRX404', '2023-06-23', 404),
(405, 'TRX405', '2023-06-23', 405),
(406, 'TRX406', '2023-06-23', 406),
(407, 'TRX407', '2023-06-23', 407),
(408, 'TRX408', '2023-06-23', 408),
(409, 'TRX409', '2023-06-23', 409),
(410, 'TRX410', '2023-06-23', 410),
(411, 'TRX411', '2023-06-23', 411),
(412, 'TRX412', '2023-06-23', 412),
(413, 'TRX413', '2023-06-23', 413),
(414, 'TRX414', '2023-06-23', 414),
(415, 'TRX415', '2023-06-23', 415),
(416, 'TRX416', '2023-06-23', 416),
(417, 'TRX417', '2023-06-23', 417),
(418, 'TRX418', '2023-06-23', 418),
(419, 'TRX419', '2023-06-23', 419),
(420, 'TRX420', '2023-06-23', 420),
(421, 'TRX421', '2023-06-23', 421),
(422, 'TRX422', '2023-06-23', 422),
(423, 'TRX423', '2023-06-23', 423),
(424, 'TRX424', '2023-06-23', 424),
(425, 'TRX425', '2023-06-23', 425),
(426, 'TRX426', '2023-06-23', 426),
(427, 'TRX427', '2023-06-23', 427),
(428, 'TRX428', '2023-06-23', 428),
(429, 'TRX429', '2023-06-23', 429),
(430, 'TRX430', '2023-06-23', 430),
(431, 'TRX431', '2023-06-23', 431),
(432, 'TRX432', '2023-06-23', 432),
(433, 'TRX433', '2023-06-23', 433),
(434, 'TRX434', '2023-06-23', 434),
(435, 'TRX435', '2023-06-23', 435),
(436, 'TRX436', '2023-06-23', 436),
(437, 'TRX437', '2023-06-23', 437),
(438, 'TRX438', '2023-06-23', 438),
(439, 'TRX439', '2023-06-23', 439),
(440, 'TRX440', '2023-06-23', 440),
(441, 'TRX441', '2023-06-23', 441),
(442, 'TRX442', '2023-06-23', 442),
(443, 'TRX443', '2023-06-23', 443),
(444, 'TRX444', '2023-06-23', 444),
(445, 'TRX445', '2023-06-23', 445),
(446, 'TRX446', '2023-06-23', 446),
(447, 'TRX447', '2023-06-23', 447),
(448, 'TRX448', '2023-06-23', 448),
(449, 'TRX449', '2023-06-23', 449),
(450, 'TRX450', '2023-06-23', 450),
(451, 'TRX451', '2023-06-23', 451),
(452, 'TRX452', '2023-06-23', 452),
(453, 'TRX453', '2023-06-23', 453),
(454, 'TRX454', '2023-06-23', 454),
(455, 'TRX455', '2023-06-23', 455),
(456, 'TRX456', '2023-06-23', 456),
(457, 'TRX457', '2023-06-23', 457),
(458, 'TRX458', '2023-06-23', 458),
(459, 'TRX459', '2023-06-23', 459),
(460, 'TRX460', '2023-06-23', 460),
(461, 'TRX461', '2023-06-23', 461),
(462, 'TRX462', '2023-06-23', 462),
(463, 'TRX463', '2023-06-23', 463),
(464, 'TRX464', '2023-06-23', 464),
(465, 'TRX465', '2023-06-23', 465),
(466, 'TRX466', '2023-06-23', 466),
(467, 'TRX467', '2023-06-23', 467),
(468, 'TRX468', '2023-06-23', 468),
(469, 'TRX469', '2023-06-23', 469),
(470, 'TRX470', '2023-06-23', 470),
(471, 'TRX471', '2023-06-23', 471),
(472, 'TRX472', '2023-06-23', 472),
(473, 'TRX473', '2023-06-23', 473),
(474, 'TRX474', '2023-06-23', 474),
(475, 'TRX475', '2023-06-23', 475),
(476, 'TRX476', '2023-06-23', 476),
(477, 'TRX477', '2023-06-23', 477),
(478, 'TRX478', '2023-06-23', 478),
(479, 'TRX479', '2023-06-23', 479),
(480, 'TRX480', '2023-06-23', 480),
(481, 'TRX481', '2023-06-23', 481),
(482, 'TRX482', '2023-06-23', 482),
(483, 'TRX483', '2023-06-23', 483),
(484, 'TRX484', '2023-06-23', 484),
(485, 'TRX485', '2023-06-23', 485),
(486, 'TRX486', '2023-06-23', 486),
(487, 'TRX487', '2023-06-23', 487),
(488, 'TRX488', '2023-06-23', 488),
(489, 'TRX489', '2023-06-23', 489),
(490, 'TRX490', '2023-06-23', 490),
(491, 'TRX491', '2023-06-23', 491),
(492, 'TRX492', '2023-06-23', 492),
(493, 'TRX493', '2023-06-23', 493),
(494, 'TRX494', '2023-06-23', 494),
(495, 'TRX495', '2023-06-23', 495),
(496, 'TRX496', '2023-06-23', 496),
(497, 'TRX497', '2023-06-23', 497),
(498, 'TRX498', '2023-06-23', 498),
(499, 'TRX499', '2023-06-23', 499),
(500, 'TRX500', '2023-06-23', 500),
(501, 'TRX501', '2023-06-23', 501),
(502, 'TRX502', '2023-06-23', 502),
(503, 'TRX503', '2023-06-23', 503),
(504, 'TRX504', '2023-06-23', 504),
(505, 'TRX505', '2023-06-23', 505),
(506, 'TRX506', '2023-06-23', 506),
(507, 'TRX507', '2023-06-23', 507),
(508, 'TRX508', '2023-06-23', 508),
(509, 'TRX509', '2023-06-23', 509),
(510, 'TRX510', '2023-06-23', 510),
(511, 'TRX511', '2023-06-23', 511),
(512, 'TRX512', '2023-06-23', 512),
(513, 'TRX513', '2023-06-23', 513),
(514, 'TRX514', '2023-06-23', 514),
(515, 'TRX515', '2023-06-23', 515),
(516, 'TRX516', '2023-06-23', 516),
(517, 'TRX517', '2023-06-23', 517),
(518, 'TRX518', '2023-06-23', 518),
(519, 'TRX519', '2023-06-23', 519),
(520, 'TRX520', '2023-06-23', 520),
(521, 'TRX521', '2023-06-23', 521),
(522, 'TRX522', '2023-06-23', 522),
(523, 'TRX523', '2023-06-23', 523),
(524, 'TRX524', '2023-06-23', 524),
(525, 'TRX525', '2023-06-23', 525),
(526, 'TRX526', '2023-06-23', 526),
(527, 'TRX527', '2023-06-23', 527),
(528, 'TRX528', '2023-06-23', 528),
(529, 'TRX529', '2023-06-23', 529),
(530, 'TRX530', '2023-06-23', 530),
(531, 'TRX531', '2023-06-23', 531),
(532, 'TRX532', '2023-06-23', 532),
(533, 'TRX533', '2023-06-23', 533),
(534, 'TRX534', '2023-06-23', 534),
(535, 'TRX535', '2023-06-23', 535),
(536, 'TRX536', '2023-06-23', 536),
(537, 'TRX537', '2023-06-23', 537),
(538, 'TRX538', '2023-06-23', 538),
(539, 'TRX539', '2023-06-23', 539),
(540, 'TRX540', '2023-06-23', 540),
(541, 'TRX541', '2023-06-23', 541),
(542, 'TRX542', '2023-06-23', 542),
(543, 'TRX543', '2023-06-23', 543),
(544, 'TRX544', '2023-06-23', 544),
(545, 'TRX545', '2023-06-23', 545),
(546, 'TRX546', '2023-06-23', 546),
(547, 'TRX547', '2023-06-23', 547),
(548, 'TRX548', '2023-06-23', 548),
(549, 'TRX549', '2023-06-23', 549),
(550, 'TRX550', '2023-06-23', 550),
(551, 'TRX551', '2023-06-23', 551),
(552, 'TRX552', '2023-06-23', 552),
(553, 'TRX553', '2023-06-23', 553),
(554, 'TRX554', '2023-06-23', 554),
(555, 'TRX555', '2023-06-23', 555),
(556, 'TRX556', '2023-06-23', 556),
(557, 'TRX557', '2023-06-23', 557),
(558, 'TRX558', '2023-06-23', 558),
(559, 'TRX559', '2023-06-23', 559),
(560, 'TRX560', '2023-06-23', 560),
(561, 'TRX561', '2023-06-23', 561),
(562, 'TRX562', '2023-06-23', 562),
(563, 'TRX563', '2023-06-23', 563),
(564, 'TRX564', '2023-06-23', 564),
(565, 'TRX565', '2023-06-23', 565),
(566, 'TRX566', '2023-06-23', 566),
(567, 'TRX567', '2023-06-23', 567),
(568, 'TRX568', '2023-06-23', 568),
(569, 'TRX569', '2023-06-23', 569),
(570, 'TRX570', '2023-06-23', 570),
(571, 'TRX571', '2023-06-23', 571),
(572, 'TRX572', '2023-06-23', 572),
(573, 'TRX573', '2023-06-23', 573),
(574, 'TRX574', '2023-06-23', 574),
(575, 'TRX575', '2023-06-23', 575),
(576, 'TRX576', '2023-06-23', 576),
(577, 'TRX577', '2023-06-23', 577),
(578, 'TRX578', '2023-06-23', 578),
(579, 'TRX579', '2023-06-23', 579),
(580, 'TRX580', '2023-06-23', 580),
(581, 'TRX581', '2023-06-23', 581),
(582, 'TRX582', '2023-06-23', 582),
(583, 'TRX583', '2023-06-23', 583),
(584, 'TRX584', '2023-06-23', 584),
(585, 'TRX585', '2023-06-23', 585),
(586, 'TRX586', '2023-06-23', 586),
(587, 'TRX587', '2023-06-23', 587),
(588, 'TRX588', '2023-06-23', 588),
(589, 'TRX589', '2023-06-23', 589),
(590, 'TRX590', '2023-06-23', 590),
(591, 'TRX591', '2023-06-23', 591),
(592, 'TRX592', '2023-06-23', 592),
(593, 'TRX593', '2023-06-23', 593),
(594, 'TRX594', '2023-06-23', 594),
(595, 'TRX595', '2023-06-23', 595),
(596, 'TRX596', '2023-06-23', 596),
(597, 'TRX597', '2023-06-23', 597),
(598, 'TRX598', '2023-06-23', 598),
(599, 'TRX599', '2023-06-23', 599),
(600, 'TRX600', '2023-06-23', 600),
(601, 'TRX601', '2023-06-23', 601),
(602, 'TRX602', '2023-06-23', 602),
(603, 'TRX603', '2023-06-23', 603),
(604, 'TRX604', '2023-06-23', 604),
(605, 'TRX605', '2023-06-23', 605),
(606, 'TRX606', '2023-06-23', 606),
(607, 'TRX607', '2023-06-23', 607),
(608, 'TRX608', '2023-06-23', 608),
(609, 'TRX609', '2023-06-23', 609),
(610, 'TRX610', '2023-06-23', 610),
(611, 'TRX611', '2023-06-23', 611),
(612, 'TRX612', '2023-06-23', 612),
(613, 'TRX613', '2023-06-23', 613),
(614, 'TRX614', '2023-06-23', 614),
(615, 'TRX615', '2023-06-23', 615),
(616, 'TRX616', '2023-06-23', 616),
(617, 'TRX617', '2023-06-23', 617),
(618, 'TRX618', '2023-06-23', 618),
(619, 'TRX619', '2023-06-23', 619),
(620, 'TRX620', '2023-06-23', 620),
(621, 'TRX621', '2023-06-23', 621),
(622, 'TRX622', '2023-06-23', 622),
(623, 'TRX623', '2023-06-23', 623),
(624, 'TRX624', '2023-06-23', 624),
(625, 'TRX625', '2023-06-23', 625),
(626, 'TRX626', '2023-06-23', 626),
(627, 'TRX627', '2023-06-23', 627),
(628, 'TRX628', '2023-06-23', 628),
(629, 'TRX629', '2023-06-23', 629),
(630, 'TRX630', '2023-06-23', 630),
(631, 'TRX631', '2023-06-23', 631),
(632, 'TRX632', '2023-06-23', 632),
(633, 'TRX633', '2023-06-23', 633),
(634, 'TRX634', '2023-06-23', 634),
(635, 'TRX635', '2023-06-23', 635),
(636, 'TRX636', '2023-06-23', 636),
(637, 'TRX637', '2023-06-23', 637),
(638, 'TRX638', '2023-06-23', 638),
(639, 'TRX639', '2023-06-23', 639),
(640, 'TRX640', '2023-06-23', 640),
(641, 'TRX641', '2023-06-23', 641),
(642, 'TRX642', '2023-06-23', 642),
(643, 'TRX643', '2023-06-23', 643),
(644, 'TRX644', '2023-06-23', 644),
(645, 'TRX645', '2023-06-23', 645),
(646, 'TRX646', '2023-06-23', 646),
(647, 'TRX647', '2023-06-23', 647),
(648, 'TRX648', '2023-06-23', 648),
(649, 'TRX649', '2023-06-23', 649),
(650, 'TRX650', '2023-06-23', 650),
(651, 'TRX651', '2023-06-23', 651),
(652, 'TRX652', '2023-06-23', 652),
(653, 'TRX653', '2023-06-23', 653),
(654, 'TRX654', '2023-06-23', 654),
(655, 'TRX655', '2023-06-23', 655),
(656, 'TRX656', '2023-06-23', 656),
(657, 'TRX657', '2023-06-23', 657),
(658, 'TRX658', '2023-06-23', 658),
(659, 'TRX659', '2023-06-23', 659),
(660, 'TRX660', '2023-06-23', 660),
(661, 'TRX661', '2023-06-23', 661),
(662, 'TRX662', '2023-06-23', 662),
(663, 'TRX663', '2023-06-23', 663),
(664, 'TRX664', '2023-06-23', 664),
(665, 'TRX665', '2023-06-23', 665),
(666, 'TRX666', '2023-06-23', 666),
(667, 'TRX667', '2023-06-23', 667),
(668, 'TRX668', '2023-06-23', 668),
(669, 'TRX669', '2023-06-23', 669),
(670, 'TRX670', '2023-06-23', 670),
(671, 'TRX671', '2023-06-23', 671),
(672, 'TRX672', '2023-06-23', 672),
(673, 'TRX673', '2023-06-23', 673),
(674, 'TRX674', '2023-06-23', 674),
(675, 'TRX675', '2023-06-23', 675),
(676, 'TRX676', '2023-06-23', 676),
(677, 'TRX677', '2023-06-23', 677),
(678, 'TRX678', '2023-06-23', 678),
(679, 'TRX679', '2023-06-23', 679),
(680, 'TRX680', '2023-06-23', 680),
(681, 'TRX681', '2023-06-23', 681),
(682, 'TRX682', '2023-06-23', 682),
(683, 'TRX683', '2023-06-23', 683),
(684, 'TRX684', '2023-06-23', 684),
(685, 'TRX685', '2023-06-23', 685),
(686, 'TRX686', '2023-06-23', 686),
(687, 'TRX687', '2023-06-23', 687),
(688, 'TRX688', '2023-06-23', 688),
(689, 'TRX689', '2023-06-23', 689),
(690, 'TRX690', '2023-06-23', 690),
(691, 'TRX691', '2023-06-23', 691),
(692, 'TRX692', '2023-06-23', 692),
(693, 'TRX693', '2023-06-23', 693),
(694, 'TRX694', '2023-06-23', 694),
(695, 'TRX695', '2023-06-23', 695),
(696, 'TRX696', '2023-06-23', 696),
(697, 'TRX697', '2023-06-23', 697),
(698, 'TRX698', '2023-06-23', 698),
(699, 'TRX699', '2023-06-23', 699),
(700, 'TRX700', '2023-06-23', 700),
(701, 'TRX701', '2023-06-23', 701),
(702, 'TRX702', '2023-06-23', 702),
(703, 'TRX703', '2023-06-23', 703),
(704, 'TRX704', '2023-06-23', 704),
(705, 'TRX705', '2023-06-23', 705),
(706, 'TRX706', '2023-06-23', 706),
(707, 'TRX707', '2023-06-23', 707),
(708, 'TRX708', '2023-06-23', 708),
(709, 'TRX709', '2023-06-23', 709),
(710, 'TRX710', '2023-06-23', 710),
(711, 'TRX711', '2023-06-23', 711),
(712, 'TRX712', '2023-06-23', 712),
(713, 'TRX713', '2023-06-23', 713),
(714, 'TRX714', '2023-06-23', 714),
(715, 'TRX715', '2023-06-23', 715),
(716, 'TRX716', '2023-06-23', 716),
(717, 'TRX717', '2023-06-23', 717),
(718, 'TRX718', '2023-06-23', 718),
(719, 'TRX719', '2023-06-23', 719),
(720, 'TRX720', '2023-06-23', 720),
(721, 'TRX721', '2023-06-23', 721),
(722, 'TRX722', '2023-06-23', 722),
(723, 'TRX723', '2023-06-23', 723),
(724, 'TRX724', '2023-06-23', 724),
(725, 'TRX725', '2023-06-23', 725),
(726, 'TRX726', '2023-06-23', 726),
(727, 'TRX727', '2023-06-23', 727),
(728, 'TRX728', '2023-06-23', 728),
(729, 'TRX729', '2023-06-23', 729),
(730, 'TRX730', '2023-06-23', 730),
(731, 'TRX731', '2023-06-23', 731),
(732, 'TRX732', '2023-06-23', 732),
(733, 'TRX733', '2023-06-23', 733),
(734, 'TRX734', '2023-06-23', 734),
(735, 'TRX735', '2023-06-23', 735),
(736, 'TRX736', '2023-06-23', 736),
(737, 'TRX737', '2023-06-23', 737),
(738, 'TRX738', '2023-06-23', 738),
(739, 'TRX739', '2023-06-23', 739),
(740, 'TRX740', '2023-06-23', 740),
(741, 'TRX741', '2023-06-23', 741),
(742, 'TRX742', '2023-06-23', 742),
(743, 'TRX743', '2023-06-23', 743),
(744, 'TRX744', '2023-06-23', 744),
(745, 'TRX745', '2023-06-23', 745),
(746, 'TRX746', '2023-06-23', 746),
(747, 'TRX747', '2023-06-23', 747),
(748, 'TRX748', '2023-06-23', 748),
(749, 'TRX749', '2023-06-23', 749),
(750, 'TRX750', '2023-06-23', 750),
(751, 'TRX751', '2023-06-23', 751),
(752, 'TRX752', '2023-06-23', 752),
(753, 'TRX753', '2023-06-23', 753),
(754, 'TRX754', '2023-06-23', 754),
(755, 'TRX755', '2023-06-23', 755),
(756, 'TRX756', '2023-06-23', 756),
(757, 'TRX757', '2023-06-23', 757),
(758, 'TRX758', '2023-06-23', 758),
(759, 'TRX759', '2023-06-23', 759),
(760, 'TRX760', '2023-06-23', 760),
(761, 'TRX761', '2023-06-23', 761),
(762, 'TRX762', '2023-06-23', 762),
(763, 'TRX763', '2023-06-23', 763),
(764, 'TRX764', '2023-06-23', 764),
(765, 'TRX765', '2023-06-23', 765),
(766, 'TRX766', '2023-06-23', 766),
(767, 'TRX767', '2023-06-23', 767),
(768, 'TRX768', '2023-06-23', 768),
(769, 'TRX769', '2023-06-23', 769),
(770, 'TRX770', '2023-06-23', 770),
(771, 'TRX771', '2023-06-23', 771),
(772, 'TRX772', '2023-06-23', 772),
(773, 'TRX773', '2023-06-23', 773),
(774, 'TRX774', '2023-06-23', 774),
(775, 'TRX775', '2023-06-23', 775),
(776, 'TRX776', '2023-06-23', 776),
(777, 'TRX777', '2023-06-23', 777),
(778, 'TRX778', '2023-06-23', 778),
(779, 'TRX779', '2023-06-23', 779),
(780, 'TRX780', '2023-06-23', 780),
(781, 'TRX781', '2023-06-23', 781),
(782, 'TRX782', '2023-06-23', 782),
(783, 'TRX783', '2023-06-23', 783),
(784, 'TRX784', '2023-06-23', 784),
(785, 'TRX785', '2023-06-23', 785),
(786, 'TRX786', '2023-06-23', 786),
(787, 'TRX787', '2023-06-23', 787),
(788, 'TRX788', '2023-06-23', 788),
(789, 'TRX789', '2023-06-23', 789),
(790, 'TRX790', '2023-06-23', 790),
(791, 'TRX791', '2023-06-23', 791),
(792, 'TRX792', '2023-06-23', 792),
(793, 'TRX793', '2023-06-23', 793),
(794, 'TRX794', '2023-06-23', 794),
(795, 'TRX795', '2023-06-23', 795),
(796, 'TRX796', '2023-06-23', 796),
(797, 'TRX797', '2023-06-23', 797),
(798, 'TRX798', '2023-06-23', 798),
(799, 'TRX799', '2023-06-23', 799),
(800, 'TRX800', '2023-06-23', 800),
(801, 'TRX801', '2023-06-23', 801),
(802, 'TRX802', '2023-06-23', 802),
(803, 'TRX803', '2023-06-23', 803),
(804, 'TRX804', '2023-06-23', 804),
(805, 'TRX805', '2023-06-23', 805),
(806, 'TRX806', '2023-06-23', 806),
(807, 'TRX807', '2023-06-23', 807),
(808, 'TRX808', '2023-06-23', 808),
(809, 'TRX809', '2023-06-23', 809),
(810, 'TRX810', '2023-06-23', 810),
(811, 'TRX811', '2023-06-23', 811),
(812, 'TRX812', '2023-06-23', 812),
(813, 'TRX813', '2023-06-23', 813),
(814, 'TRX814', '2023-06-23', 814),
(815, 'TRX815', '2023-06-23', 815),
(816, 'TRX816', '2023-06-23', 816),
(817, 'TRX817', '2023-06-23', 817),
(818, 'TRX818', '2023-06-23', 818),
(819, 'TRX819', '2023-06-23', 819),
(820, 'TRX820', '2023-06-23', 820),
(821, 'TRX821', '2023-06-23', 821),
(822, 'TRX822', '2023-06-23', 822),
(823, 'TRX823', '2023-06-23', 823),
(824, 'TRX824', '2023-06-23', 824),
(825, 'TRX825', '2023-06-23', 825),
(826, 'TRX826', '2023-06-23', 826),
(827, 'TRX827', '2023-06-23', 827),
(828, 'TRX828', '2023-06-23', 828),
(829, 'TRX829', '2023-06-23', 829),
(830, 'TRX830', '2023-06-23', 830),
(831, 'TRX831', '2023-06-23', 831),
(832, 'TRX832', '2023-06-23', 832),
(833, 'TRX833', '2023-06-23', 833),
(834, 'TRX834', '2023-06-23', 834),
(835, 'TRX835', '2023-06-23', 835),
(836, 'TRX836', '2023-06-23', 836),
(837, 'TRX837', '2023-06-23', 837),
(838, 'TRX838', '2023-06-23', 838),
(839, 'TRX839', '2023-06-23', 839),
(840, 'TRX840', '2023-06-23', 840),
(841, 'TRX841', '2023-06-23', 841),
(842, 'TRX842', '2023-06-23', 842),
(843, 'TRX843', '2023-06-23', 843),
(844, 'TRX844', '2023-06-23', 844),
(845, 'TRX845', '2023-06-23', 845),
(846, 'TRX846', '2023-06-23', 846),
(847, 'TRX847', '2023-06-23', 847),
(848, 'TRX848', '2023-06-23', 848),
(849, 'TRX849', '2023-06-23', 849),
(850, 'TRX850', '2023-06-23', 850),
(851, 'TRX851', '2023-06-23', 851),
(852, 'TRX852', '2023-06-23', 852),
(853, 'TRX853', '2023-06-23', 853),
(854, 'TRX854', '2023-06-23', 854),
(855, 'TRX855', '2023-06-23', 855),
(856, 'TRX856', '2023-06-23', 856),
(857, 'TRX857', '2023-06-23', 857),
(858, 'TRX858', '2023-06-23', 858),
(859, 'TRX859', '2023-06-23', 859),
(860, 'TRX860', '2023-06-23', 860),
(861, 'TRX861', '2023-06-23', 861),
(862, 'TRX862', '2023-06-23', 862),
(863, 'TRX863', '2023-06-23', 863),
(864, 'TRX864', '2023-06-23', 864),
(865, 'TRX865', '2023-06-23', 865),
(866, 'TRX866', '2023-06-23', 866),
(867, 'TRX867', '2023-06-23', 867),
(868, 'TRX868', '2023-06-23', 868),
(869, 'TRX869', '2023-06-23', 869),
(870, 'TRX870', '2023-06-23', 870),
(871, 'TRX871', '2023-06-23', 871),
(872, 'TRX872', '2023-06-23', 872),
(873, 'TRX873', '2023-06-23', 873),
(874, 'TRX874', '2023-06-23', 874),
(875, 'TRX875', '2023-06-23', 875),
(876, 'TRX876', '2023-06-23', 876),
(877, 'TRX877', '2023-06-23', 877),
(878, 'TRX878', '2023-06-23', 878),
(879, 'TRX879', '2023-06-23', 879),
(880, 'TRX880', '2023-06-23', 880),
(881, 'TRX881', '2023-06-23', 881),
(882, 'TRX882', '2023-06-23', 882),
(883, 'TRX883', '2023-06-23', 883),
(884, 'TRX884', '2023-06-23', 884),
(885, 'TRX885', '2023-06-23', 885),
(886, 'TRX886', '2023-06-23', 886),
(887, 'TRX887', '2023-06-23', 887),
(888, 'TRX888', '2023-06-23', 888),
(889, 'TRX889', '2023-06-23', 889),
(890, 'TRX890', '2023-06-23', 890),
(891, 'TRX891', '2023-06-23', 891),
(892, 'TRX892', '2023-06-23', 892),
(893, 'TRX893', '2023-06-23', 893),
(894, 'TRX894', '2023-06-23', 894),
(895, 'TRX895', '2023-06-23', 895),
(896, 'TRX896', '2023-06-23', 896),
(897, 'TRX897', '2023-06-23', 897),
(898, 'TRX898', '2023-06-23', 898),
(899, 'TRX899', '2023-06-23', 899),
(900, 'TRX900', '2023-06-23', 900),
(901, 'TRX901', '2023-06-23', 901),
(902, 'TRX902', '2023-06-23', 902),
(903, 'TRX903', '2023-06-23', 903),
(904, 'TRX904', '2023-06-23', 904),
(905, 'TRX905', '2023-06-23', 905),
(906, 'TRX906', '2023-06-23', 906),
(907, 'TRX907', '2023-06-23', 907),
(908, 'TRX908', '2023-06-23', 908),
(909, 'TRX909', '2023-06-23', 909),
(910, 'TRX910', '2023-06-23', 910),
(911, 'TRX911', '2023-06-23', 911),
(912, 'TRX912', '2023-06-23', 912),
(913, 'TRX913', '2023-06-23', 913),
(914, 'TRX914', '2023-06-23', 914),
(915, 'TRX915', '2023-06-23', 915),
(916, 'TRX916', '2023-06-23', 916),
(917, 'TRX917', '2023-06-23', 917),
(918, 'TRX918', '2023-06-23', 918),
(919, 'TRX919', '2023-06-23', 919),
(920, 'TRX920', '2023-06-23', 920),
(921, 'TRX921', '2023-06-23', 921),
(922, 'TRX922', '2023-06-23', 922),
(923, 'TRX923', '2023-06-23', 923),
(924, 'TRX924', '2023-06-23', 924),
(925, 'TRX925', '2023-06-23', 925),
(926, 'TRX926', '2023-06-23', 926),
(927, 'TRX927', '2023-06-23', 927),
(928, 'TRX928', '2023-06-23', 928),
(929, 'TRX929', '2023-06-23', 929),
(930, 'TRX930', '2023-06-23', 930),
(931, 'TRX931', '2023-06-23', 931),
(932, 'TRX932', '2023-06-23', 932),
(933, 'TRX933', '2023-06-23', 933),
(934, 'TRX934', '2023-06-23', 934),
(935, 'TRX935', '2023-06-23', 935),
(936, 'TRX936', '2023-06-23', 936),
(937, 'TRX937', '2023-06-23', 937),
(938, 'TRX938', '2023-06-23', 938),
(939, 'TRX939', '2023-06-23', 939),
(940, 'TRX940', '2023-06-23', 940),
(941, 'TRX941', '2023-06-23', 941),
(942, 'TRX942', '2023-06-23', 942),
(943, 'TRX943', '2023-06-23', 943),
(944, 'TRX944', '2023-06-23', 944),
(945, 'TRX945', '2023-06-23', 945),
(946, 'TRX946', '2023-06-23', 946),
(947, 'TRX947', '2023-06-23', 947),
(948, 'TRX948', '2023-06-23', 948),
(949, 'TRX949', '2023-06-23', 949),
(950, 'TRX950', '2023-06-23', 950),
(951, 'TRX951', '2023-06-23', 951),
(952, 'TRX952', '2023-06-23', 952),
(953, 'TRX953', '2023-06-23', 953),
(954, 'TRX954', '2023-06-23', 954),
(955, 'TRX955', '2023-06-23', 955),
(956, 'TRX956', '2023-06-23', 956),
(957, 'TRX957', '2023-06-23', 957),
(958, 'TRX958', '2023-06-23', 958),
(959, 'TRX959', '2023-06-23', 959),
(960, 'TRX960', '2023-06-23', 960),
(961, 'TRX961', '2023-06-23', 961),
(962, 'TRX962', '2023-06-23', 962),
(963, 'TRX963', '2023-06-23', 963),
(964, 'TRX964', '2023-06-23', 964),
(965, 'TRX965', '2023-06-23', 965),
(966, 'TRX966', '2023-06-23', 966),
(967, 'TRX967', '2023-06-23', 967),
(968, 'TRX968', '2023-06-23', 968),
(969, 'TRX969', '2023-06-23', 969),
(970, 'TRX970', '2023-06-23', 970),
(971, 'TRX971', '2023-06-23', 971),
(972, 'TRX972', '2023-06-23', 972),
(973, 'TRX973', '2023-06-23', 973),
(974, 'TRX974', '2023-06-23', 974),
(975, 'TRX975', '2023-06-23', 975),
(976, 'TRX976', '2023-06-23', 976),
(977, 'TRX977', '2023-06-23', 977),
(978, 'TRX978', '2023-06-23', 978),
(979, 'TRX979', '2023-06-23', 979),
(980, 'TRX980', '2023-06-23', 980),
(981, 'TRX981', '2023-06-23', 981),
(982, 'TRX982', '2023-06-23', 982),
(983, 'TRX983', '2023-06-23', 983),
(984, 'TRX984', '2023-06-23', 984),
(985, 'TRX985', '2023-06-23', 985),
(986, 'TRX986', '2023-06-23', 986),
(987, 'TRX987', '2023-06-23', 987),
(988, 'TRX988', '2023-06-23', 988),
(989, 'TRX989', '2023-06-23', 989),
(990, 'TRX990', '2023-06-23', 990),
(991, 'TRX991', '2023-06-23', 991),
(992, 'TRX992', '2023-06-23', 992),
(993, 'TRX993', '2023-06-23', 993),
(994, 'TRX994', '2023-06-23', 994),
(995, 'TRX995', '2023-06-23', 995),
(996, 'TRX996', '2023-06-23', 996),
(997, 'TRX997', '2023-06-23', 997),
(998, 'TRX998', '2023-06-23', 998),
(999, 'TRX999', '2023-06-23', 999);

-- --------------------------------------------------------

--
-- Table structure for table `uang`
--

CREATE TABLE `uang` (
  `id` int(11) NOT NULL,
  `nilai` int(11) DEFAULT NULL,
  `jenis` varchar(50) DEFAULT NULL
) ENGINE=InnoDB DEFAULT CHARSET=utf8mb4;

--
-- Dumping data for table `uang`
--

INSERT INTO `uang` (`id`, `nilai`, `jenis`) VALUES
(0, 0, 'Jenis 0'),
(1, 1000, 'Jenis 1'),
(2, 2000, 'Jenis 2'),
(3, 3000, 'Jenis 3'),
(4, 4000, 'Jenis 4'),
(5, 5000, 'Jenis 5'),
(6, 6000, 'Jenis 6'),
(7, 7000, 'Jenis 7'),
(8, 8000, 'Jenis 8'),
(9, 9000, 'Jenis 9'),
(10, 10000, 'Jenis 10'),
(11, 11000, 'Jenis 11'),
(12, 12000, 'Jenis 12'),
(13, 13000, 'Jenis 13'),
(14, 14000, 'Jenis 14'),
(15, 15000, 'Jenis 15'),
(16, 16000, 'Jenis 16'),
(17, 17000, 'Jenis 17'),
(18, 18000, 'Jenis 18'),
(19, 19000, 'Jenis 19'),
(20, 20000, 'Jenis 20'),
(21, 21000, 'Jenis 21'),
(22, 22000, 'Jenis 22'),
(23, 23000, 'Jenis 23'),
(24, 24000, 'Jenis 24'),
(25, 25000, 'Jenis 25'),
(26, 26000, 'Jenis 26'),
(27, 27000, 'Jenis 27'),
(28, 28000, 'Jenis 28'),
(29, 29000, 'Jenis 29'),
(30, 30000, 'Jenis 30'),
(31, 31000, 'Jenis 31'),
(32, 32000, 'Jenis 32'),
(33, 33000, 'Jenis 33'),
(34, 34000, 'Jenis 34'),
(35, 35000, 'Jenis 35'),
(36, 36000, 'Jenis 36'),
(37, 37000, 'Jenis 37'),
(38, 38000, 'Jenis 38'),
(39, 39000, 'Jenis 39'),
(40, 40000, 'Jenis 40'),
(41, 41000, 'Jenis 41'),
(42, 42000, 'Jenis 42'),
(43, 43000, 'Jenis 43'),
(44, 44000, 'Jenis 44'),
(45, 45000, 'Jenis 45'),
(46, 46000, 'Jenis 46'),
(47, 47000, 'Jenis 47'),
(48, 48000, 'Jenis 48'),
(49, 49000, 'Jenis 49'),
(50, 50000, 'Jenis 50'),
(51, 51000, 'Jenis 51'),
(52, 52000, 'Jenis 52'),
(53, 53000, 'Jenis 53'),
(54, 54000, 'Jenis 54'),
(55, 55000, 'Jenis 55'),
(56, 56000, 'Jenis 56'),
(57, 57000, 'Jenis 57'),
(58, 58000, 'Jenis 58'),
(59, 59000, 'Jenis 59'),
(60, 60000, 'Jenis 60'),
(61, 61000, 'Jenis 61'),
(62, 62000, 'Jenis 62'),
(63, 63000, 'Jenis 63'),
(64, 64000, 'Jenis 64'),
(65, 65000, 'Jenis 65'),
(66, 66000, 'Jenis 66'),
(67, 67000, 'Jenis 67'),
(68, 68000, 'Jenis 68'),
(69, 69000, 'Jenis 69'),
(70, 70000, 'Jenis 70'),
(71, 71000, 'Jenis 71'),
(72, 72000, 'Jenis 72'),
(73, 73000, 'Jenis 73'),
(74, 74000, 'Jenis 74'),
(75, 75000, 'Jenis 75'),
(76, 76000, 'Jenis 76'),
(77, 77000, 'Jenis 77'),
(78, 78000, 'Jenis 78'),
(79, 79000, 'Jenis 79'),
(80, 80000, 'Jenis 80'),
(81, 81000, 'Jenis 81'),
(82, 82000, 'Jenis 82'),
(83, 83000, 'Jenis 83'),
(84, 84000, 'Jenis 84'),
(85, 85000, 'Jenis 85'),
(86, 86000, 'Jenis 86'),
(87, 87000, 'Jenis 87'),
(88, 88000, 'Jenis 88'),
(89, 89000, 'Jenis 89'),
(90, 90000, 'Jenis 90'),
(91, 91000, 'Jenis 91'),
(92, 92000, 'Jenis 92'),
(93, 93000, 'Jenis 93'),
(94, 94000, 'Jenis 94'),
(95, 95000, 'Jenis 95'),
(96, 96000, 'Jenis 96'),
(97, 97000, 'Jenis 97'),
(98, 98000, 'Jenis 98'),
(99, 99000, 'Jenis 99'),
(100, 100000, 'Jenis 100'),
(101, 101000, 'Jenis 101'),
(102, 102000, 'Jenis 102'),
(103, 103000, 'Jenis 103'),
(104, 104000, 'Jenis 104'),
(105, 105000, 'Jenis 105'),
(106, 106000, 'Jenis 106'),
(107, 107000, 'Jenis 107'),
(108, 108000, 'Jenis 108'),
(109, 109000, 'Jenis 109'),
(110, 110000, 'Jenis 110'),
(111, 111000, 'Jenis 111'),
(112, 112000, 'Jenis 112'),
(113, 113000, 'Jenis 113'),
(114, 114000, 'Jenis 114'),
(115, 115000, 'Jenis 115'),
(116, 116000, 'Jenis 116'),
(117, 117000, 'Jenis 117'),
(118, 118000, 'Jenis 118'),
(119, 119000, 'Jenis 119'),
(120, 120000, 'Jenis 120'),
(121, 121000, 'Jenis 121'),
(122, 122000, 'Jenis 122'),
(123, 123000, 'Jenis 123'),
(124, 124000, 'Jenis 124'),
(125, 125000, 'Jenis 125'),
(126, 126000, 'Jenis 126'),
(127, 127000, 'Jenis 127'),
(128, 128000, 'Jenis 128'),
(129, 129000, 'Jenis 129'),
(130, 130000, 'Jenis 130'),
(131, 131000, 'Jenis 131'),
(132, 132000, 'Jenis 132'),
(133, 133000, 'Jenis 133'),
(134, 134000, 'Jenis 134'),
(135, 135000, 'Jenis 135'),
(136, 136000, 'Jenis 136'),
(137, 137000, 'Jenis 137'),
(138, 138000, 'Jenis 138'),
(139, 139000, 'Jenis 139'),
(140, 140000, 'Jenis 140'),
(141, 141000, 'Jenis 141'),
(142, 142000, 'Jenis 142'),
(143, 143000, 'Jenis 143'),
(144, 144000, 'Jenis 144'),
(145, 145000, 'Jenis 145'),
(146, 146000, 'Jenis 146'),
(147, 147000, 'Jenis 147'),
(148, 148000, 'Jenis 148'),
(149, 149000, 'Jenis 149'),
(150, 150000, 'Jenis 150'),
(151, 151000, 'Jenis 151'),
(152, 152000, 'Jenis 152'),
(153, 153000, 'Jenis 153'),
(154, 154000, 'Jenis 154'),
(155, 155000, 'Jenis 155'),
(156, 156000, 'Jenis 156'),
(157, 157000, 'Jenis 157'),
(158, 158000, 'Jenis 158'),
(159, 159000, 'Jenis 159'),
(160, 160000, 'Jenis 160'),
(161, 161000, 'Jenis 161'),
(162, 162000, 'Jenis 162'),
(163, 163000, 'Jenis 163'),
(164, 164000, 'Jenis 164'),
(165, 165000, 'Jenis 165'),
(166, 166000, 'Jenis 166'),
(167, 167000, 'Jenis 167'),
(168, 168000, 'Jenis 168'),
(169, 169000, 'Jenis 169'),
(170, 170000, 'Jenis 170'),
(171, 171000, 'Jenis 171'),
(172, 172000, 'Jenis 172'),
(173, 173000, 'Jenis 173'),
(174, 174000, 'Jenis 174'),
(175, 175000, 'Jenis 175'),
(176, 176000, 'Jenis 176'),
(177, 177000, 'Jenis 177'),
(178, 178000, 'Jenis 178'),
(179, 179000, 'Jenis 179'),
(180, 180000, 'Jenis 180'),
(181, 181000, 'Jenis 181'),
(182, 182000, 'Jenis 182'),
(183, 183000, 'Jenis 183'),
(184, 184000, 'Jenis 184'),
(185, 185000, 'Jenis 185'),
(186, 186000, 'Jenis 186'),
(187, 187000, 'Jenis 187'),
(188, 188000, 'Jenis 188'),
(189, 189000, 'Jenis 189'),
(190, 190000, 'Jenis 190'),
(191, 191000, 'Jenis 191'),
(192, 192000, 'Jenis 192'),
(193, 193000, 'Jenis 193'),
(194, 194000, 'Jenis 194'),
(195, 195000, 'Jenis 195'),
(196, 196000, 'Jenis 196'),
(197, 197000, 'Jenis 197'),
(198, 198000, 'Jenis 198'),
(199, 199000, 'Jenis 199'),
(200, 200000, 'Jenis 200'),
(201, 201000, 'Jenis 201'),
(202, 202000, 'Jenis 202'),
(203, 203000, 'Jenis 203'),
(204, 204000, 'Jenis 204'),
(205, 205000, 'Jenis 205'),
(206, 206000, 'Jenis 206'),
(207, 207000, 'Jenis 207'),
(208, 208000, 'Jenis 208'),
(209, 209000, 'Jenis 209'),
(210, 210000, 'Jenis 210'),
(211, 211000, 'Jenis 211'),
(212, 212000, 'Jenis 212'),
(213, 213000, 'Jenis 213'),
(214, 214000, 'Jenis 214'),
(215, 215000, 'Jenis 215'),
(216, 216000, 'Jenis 216'),
(217, 217000, 'Jenis 217'),
(218, 218000, 'Jenis 218'),
(219, 219000, 'Jenis 219'),
(220, 220000, 'Jenis 220'),
(221, 221000, 'Jenis 221'),
(222, 222000, 'Jenis 222'),
(223, 223000, 'Jenis 223'),
(224, 224000, 'Jenis 224'),
(225, 225000, 'Jenis 225'),
(226, 226000, 'Jenis 226'),
(227, 227000, 'Jenis 227'),
(228, 228000, 'Jenis 228'),
(229, 229000, 'Jenis 229'),
(230, 230000, 'Jenis 230'),
(231, 231000, 'Jenis 231'),
(232, 232000, 'Jenis 232'),
(233, 233000, 'Jenis 233'),
(234, 234000, 'Jenis 234'),
(235, 235000, 'Jenis 235'),
(236, 236000, 'Jenis 236'),
(237, 237000, 'Jenis 237'),
(238, 238000, 'Jenis 238'),
(239, 239000, 'Jenis 239'),
(240, 240000, 'Jenis 240'),
(241, 241000, 'Jenis 241'),
(242, 242000, 'Jenis 242'),
(243, 243000, 'Jenis 243'),
(244, 244000, 'Jenis 244'),
(245, 245000, 'Jenis 245'),
(246, 246000, 'Jenis 246'),
(247, 247000, 'Jenis 247'),
(248, 248000, 'Jenis 248'),
(249, 249000, 'Jenis 249'),
(250, 250000, 'Jenis 250'),
(251, 251000, 'Jenis 251'),
(252, 252000, 'Jenis 252'),
(253, 253000, 'Jenis 253'),
(254, 254000, 'Jenis 254'),
(255, 255000, 'Jenis 255'),
(256, 256000, 'Jenis 256'),
(257, 257000, 'Jenis 257'),
(258, 258000, 'Jenis 258'),
(259, 259000, 'Jenis 259'),
(260, 260000, 'Jenis 260'),
(261, 261000, 'Jenis 261'),
(262, 262000, 'Jenis 262'),
(263, 263000, 'Jenis 263'),
(264, 264000, 'Jenis 264'),
(265, 265000, 'Jenis 265'),
(266, 266000, 'Jenis 266'),
(267, 267000, 'Jenis 267'),
(268, 268000, 'Jenis 268'),
(269, 269000, 'Jenis 269'),
(270, 270000, 'Jenis 270'),
(271, 271000, 'Jenis 271'),
(272, 272000, 'Jenis 272'),
(273, 273000, 'Jenis 273'),
(274, 274000, 'Jenis 274'),
(275, 275000, 'Jenis 275'),
(276, 276000, 'Jenis 276'),
(277, 277000, 'Jenis 277'),
(278, 278000, 'Jenis 278'),
(279, 279000, 'Jenis 279'),
(280, 280000, 'Jenis 280'),
(281, 281000, 'Jenis 281'),
(282, 282000, 'Jenis 282'),
(283, 283000, 'Jenis 283'),
(284, 284000, 'Jenis 284'),
(285, 285000, 'Jenis 285'),
(286, 286000, 'Jenis 286'),
(287, 287000, 'Jenis 287'),
(288, 288000, 'Jenis 288'),
(289, 289000, 'Jenis 289'),
(290, 290000, 'Jenis 290'),
(291, 291000, 'Jenis 291'),
(292, 292000, 'Jenis 292'),
(293, 293000, 'Jenis 293'),
(294, 294000, 'Jenis 294'),
(295, 295000, 'Jenis 295'),
(296, 296000, 'Jenis 296'),
(297, 297000, 'Jenis 297'),
(298, 298000, 'Jenis 298'),
(299, 299000, 'Jenis 299'),
(300, 300000, 'Jenis 300'),
(301, 301000, 'Jenis 301'),
(302, 302000, 'Jenis 302'),
(303, 303000, 'Jenis 303'),
(304, 304000, 'Jenis 304'),
(305, 305000, 'Jenis 305'),
(306, 306000, 'Jenis 306'),
(307, 307000, 'Jenis 307'),
(308, 308000, 'Jenis 308'),
(309, 309000, 'Jenis 309'),
(310, 310000, 'Jenis 310'),
(311, 311000, 'Jenis 311'),
(312, 312000, 'Jenis 312'),
(313, 313000, 'Jenis 313'),
(314, 314000, 'Jenis 314'),
(315, 315000, 'Jenis 315'),
(316, 316000, 'Jenis 316'),
(317, 317000, 'Jenis 317'),
(318, 318000, 'Jenis 318'),
(319, 319000, 'Jenis 319'),
(320, 320000, 'Jenis 320'),
(321, 321000, 'Jenis 321'),
(322, 322000, 'Jenis 322'),
(323, 323000, 'Jenis 323'),
(324, 324000, 'Jenis 324'),
(325, 325000, 'Jenis 325'),
(326, 326000, 'Jenis 326'),
(327, 327000, 'Jenis 327'),
(328, 328000, 'Jenis 328'),
(329, 329000, 'Jenis 329'),
(330, 330000, 'Jenis 330'),
(331, 331000, 'Jenis 331'),
(332, 332000, 'Jenis 332'),
(333, 333000, 'Jenis 333'),
(334, 334000, 'Jenis 334'),
(335, 335000, 'Jenis 335'),
(336, 336000, 'Jenis 336'),
(337, 337000, 'Jenis 337'),
(338, 338000, 'Jenis 338'),
(339, 339000, 'Jenis 339'),
(340, 340000, 'Jenis 340'),
(341, 341000, 'Jenis 341'),
(342, 342000, 'Jenis 342'),
(343, 343000, 'Jenis 343'),
(344, 344000, 'Jenis 344'),
(345, 345000, 'Jenis 345'),
(346, 346000, 'Jenis 346'),
(347, 347000, 'Jenis 347'),
(348, 348000, 'Jenis 348'),
(349, 349000, 'Jenis 349'),
(350, 350000, 'Jenis 350'),
(351, 351000, 'Jenis 351'),
(352, 352000, 'Jenis 352'),
(353, 353000, 'Jenis 353'),
(354, 354000, 'Jenis 354'),
(355, 355000, 'Jenis 355'),
(356, 356000, 'Jenis 356'),
(357, 357000, 'Jenis 357'),
(358, 358000, 'Jenis 358'),
(359, 359000, 'Jenis 359'),
(360, 360000, 'Jenis 360'),
(361, 361000, 'Jenis 361'),
(362, 362000, 'Jenis 362'),
(363, 363000, 'Jenis 363'),
(364, 364000, 'Jenis 364'),
(365, 365000, 'Jenis 365'),
(366, 366000, 'Jenis 366'),
(367, 367000, 'Jenis 367'),
(368, 368000, 'Jenis 368'),
(369, 369000, 'Jenis 369'),
(370, 370000, 'Jenis 370'),
(371, 371000, 'Jenis 371'),
(372, 372000, 'Jenis 372'),
(373, 373000, 'Jenis 373'),
(374, 374000, 'Jenis 374'),
(375, 375000, 'Jenis 375'),
(376, 376000, 'Jenis 376'),
(377, 377000, 'Jenis 377'),
(378, 378000, 'Jenis 378'),
(379, 379000, 'Jenis 379'),
(380, 380000, 'Jenis 380'),
(381, 381000, 'Jenis 381'),
(382, 382000, 'Jenis 382'),
(383, 383000, 'Jenis 383'),
(384, 384000, 'Jenis 384'),
(385, 385000, 'Jenis 385'),
(386, 386000, 'Jenis 386'),
(387, 387000, 'Jenis 387'),
(388, 388000, 'Jenis 388'),
(389, 389000, 'Jenis 389'),
(390, 390000, 'Jenis 390'),
(391, 391000, 'Jenis 391'),
(392, 392000, 'Jenis 392'),
(393, 393000, 'Jenis 393'),
(394, 394000, 'Jenis 394'),
(395, 395000, 'Jenis 395'),
(396, 396000, 'Jenis 396'),
(397, 397000, 'Jenis 397'),
(398, 398000, 'Jenis 398'),
(399, 399000, 'Jenis 399'),
(400, 400000, 'Jenis 400'),
(401, 401000, 'Jenis 401'),
(402, 402000, 'Jenis 402'),
(403, 403000, 'Jenis 403'),
(404, 404000, 'Jenis 404'),
(405, 405000, 'Jenis 405'),
(406, 406000, 'Jenis 406'),
(407, 407000, 'Jenis 407'),
(408, 408000, 'Jenis 408'),
(409, 409000, 'Jenis 409'),
(410, 410000, 'Jenis 410'),
(411, 411000, 'Jenis 411'),
(412, 412000, 'Jenis 412'),
(413, 413000, 'Jenis 413'),
(414, 414000, 'Jenis 414'),
(415, 415000, 'Jenis 415'),
(416, 416000, 'Jenis 416'),
(417, 417000, 'Jenis 417'),
(418, 418000, 'Jenis 418'),
(419, 419000, 'Jenis 419'),
(420, 420000, 'Jenis 420'),
(421, 421000, 'Jenis 421'),
(422, 422000, 'Jenis 422'),
(423, 423000, 'Jenis 423'),
(424, 424000, 'Jenis 424'),
(425, 425000, 'Jenis 425'),
(426, 426000, 'Jenis 426'),
(427, 427000, 'Jenis 427'),
(428, 428000, 'Jenis 428'),
(429, 429000, 'Jenis 429'),
(430, 430000, 'Jenis 430'),
(431, 431000, 'Jenis 431'),
(432, 432000, 'Jenis 432'),
(433, 433000, 'Jenis 433'),
(434, 434000, 'Jenis 434'),
(435, 435000, 'Jenis 435'),
(436, 436000, 'Jenis 436'),
(437, 437000, 'Jenis 437'),
(438, 438000, 'Jenis 438'),
(439, 439000, 'Jenis 439'),
(440, 440000, 'Jenis 440'),
(441, 441000, 'Jenis 441'),
(442, 442000, 'Jenis 442'),
(443, 443000, 'Jenis 443'),
(444, 444000, 'Jenis 444'),
(445, 445000, 'Jenis 445'),
(446, 446000, 'Jenis 446'),
(447, 447000, 'Jenis 447'),
(448, 448000, 'Jenis 448'),
(449, 449000, 'Jenis 449'),
(450, 450000, 'Jenis 450'),
(451, 451000, 'Jenis 451'),
(452, 452000, 'Jenis 452'),
(453, 453000, 'Jenis 453'),
(454, 454000, 'Jenis 454'),
(455, 455000, 'Jenis 455'),
(456, 456000, 'Jenis 456'),
(457, 457000, 'Jenis 457'),
(458, 458000, 'Jenis 458'),
(459, 459000, 'Jenis 459'),
(460, 460000, 'Jenis 460'),
(461, 461000, 'Jenis 461'),
(462, 462000, 'Jenis 462'),
(463, 463000, 'Jenis 463'),
(464, 464000, 'Jenis 464'),
(465, 465000, 'Jenis 465'),
(466, 466000, 'Jenis 466'),
(467, 467000, 'Jenis 467'),
(468, 468000, 'Jenis 468'),
(469, 469000, 'Jenis 469'),
(470, 470000, 'Jenis 470'),
(471, 471000, 'Jenis 471'),
(472, 472000, 'Jenis 472'),
(473, 473000, 'Jenis 473'),
(474, 474000, 'Jenis 474'),
(475, 475000, 'Jenis 475'),
(476, 476000, 'Jenis 476'),
(477, 477000, 'Jenis 477'),
(478, 478000, 'Jenis 478'),
(479, 479000, 'Jenis 479'),
(480, 480000, 'Jenis 480'),
(481, 481000, 'Jenis 481'),
(482, 482000, 'Jenis 482'),
(483, 483000, 'Jenis 483'),
(484, 484000, 'Jenis 484'),
(485, 485000, 'Jenis 485'),
(486, 486000, 'Jenis 486'),
(487, 487000, 'Jenis 487'),
(488, 488000, 'Jenis 488'),
(489, 489000, 'Jenis 489'),
(490, 490000, 'Jenis 490'),
(491, 491000, 'Jenis 491'),
(492, 492000, 'Jenis 492'),
(493, 493000, 'Jenis 493'),
(494, 494000, 'Jenis 494'),
(495, 495000, 'Jenis 495'),
(496, 496000, 'Jenis 496'),
(497, 497000, 'Jenis 497'),
(498, 498000, 'Jenis 498'),
(499, 499000, 'Jenis 499'),
(500, 500000, 'Jenis 500'),
(501, 501000, 'Jenis 501'),
(502, 502000, 'Jenis 502'),
(503, 503000, 'Jenis 503'),
(504, 504000, 'Jenis 504'),
(505, 505000, 'Jenis 505'),
(506, 506000, 'Jenis 506'),
(507, 507000, 'Jenis 507'),
(508, 508000, 'Jenis 508'),
(509, 509000, 'Jenis 509'),
(510, 510000, 'Jenis 510'),
(511, 511000, 'Jenis 511'),
(512, 512000, 'Jenis 512'),
(513, 513000, 'Jenis 513'),
(514, 514000, 'Jenis 514'),
(515, 515000, 'Jenis 515'),
(516, 516000, 'Jenis 516'),
(517, 517000, 'Jenis 517'),
(518, 518000, 'Jenis 518'),
(519, 519000, 'Jenis 519'),
(520, 520000, 'Jenis 520'),
(521, 521000, 'Jenis 521'),
(522, 522000, 'Jenis 522'),
(523, 523000, 'Jenis 523'),
(524, 524000, 'Jenis 524'),
(525, 525000, 'Jenis 525'),
(526, 526000, 'Jenis 526'),
(527, 527000, 'Jenis 527'),
(528, 528000, 'Jenis 528'),
(529, 529000, 'Jenis 529'),
(530, 530000, 'Jenis 530'),
(531, 531000, 'Jenis 531'),
(532, 532000, 'Jenis 532'),
(533, 533000, 'Jenis 533'),
(534, 534000, 'Jenis 534'),
(535, 535000, 'Jenis 535'),
(536, 536000, 'Jenis 536'),
(537, 537000, 'Jenis 537'),
(538, 538000, 'Jenis 538'),
(539, 539000, 'Jenis 539'),
(540, 540000, 'Jenis 540'),
(541, 541000, 'Jenis 541'),
(542, 542000, 'Jenis 542'),
(543, 543000, 'Jenis 543'),
(544, 544000, 'Jenis 544'),
(545, 545000, 'Jenis 545'),
(546, 546000, 'Jenis 546'),
(547, 547000, 'Jenis 547'),
(548, 548000, 'Jenis 548'),
(549, 549000, 'Jenis 549'),
(550, 550000, 'Jenis 550'),
(551, 551000, 'Jenis 551'),
(552, 552000, 'Jenis 552'),
(553, 553000, 'Jenis 553'),
(554, 554000, 'Jenis 554'),
(555, 555000, 'Jenis 555'),
(556, 556000, 'Jenis 556'),
(557, 557000, 'Jenis 557'),
(558, 558000, 'Jenis 558'),
(559, 559000, 'Jenis 559'),
(560, 560000, 'Jenis 560'),
(561, 561000, 'Jenis 561'),
(562, 562000, 'Jenis 562'),
(563, 563000, 'Jenis 563'),
(564, 564000, 'Jenis 564'),
(565, 565000, 'Jenis 565'),
(566, 566000, 'Jenis 566'),
(567, 567000, 'Jenis 567'),
(568, 568000, 'Jenis 568'),
(569, 569000, 'Jenis 569'),
(570, 570000, 'Jenis 570'),
(571, 571000, 'Jenis 571'),
(572, 572000, 'Jenis 572'),
(573, 573000, 'Jenis 573'),
(574, 574000, 'Jenis 574'),
(575, 575000, 'Jenis 575'),
(576, 576000, 'Jenis 576'),
(577, 577000, 'Jenis 577'),
(578, 578000, 'Jenis 578'),
(579, 579000, 'Jenis 579'),
(580, 580000, 'Jenis 580'),
(581, 581000, 'Jenis 581'),
(582, 582000, 'Jenis 582'),
(583, 583000, 'Jenis 583'),
(584, 584000, 'Jenis 584'),
(585, 585000, 'Jenis 585'),
(586, 586000, 'Jenis 586'),
(587, 587000, 'Jenis 587'),
(588, 588000, 'Jenis 588'),
(589, 589000, 'Jenis 589'),
(590, 590000, 'Jenis 590'),
(591, 591000, 'Jenis 591'),
(592, 592000, 'Jenis 592'),
(593, 593000, 'Jenis 593'),
(594, 594000, 'Jenis 594'),
(595, 595000, 'Jenis 595'),
(596, 596000, 'Jenis 596'),
(597, 597000, 'Jenis 597'),
(598, 598000, 'Jenis 598'),
(599, 599000, 'Jenis 599'),
(600, 600000, 'Jenis 600'),
(601, 601000, 'Jenis 601'),
(602, 602000, 'Jenis 602'),
(603, 603000, 'Jenis 603'),
(604, 604000, 'Jenis 604'),
(605, 605000, 'Jenis 605'),
(606, 606000, 'Jenis 606'),
(607, 607000, 'Jenis 607'),
(608, 608000, 'Jenis 608'),
(609, 609000, 'Jenis 609'),
(610, 610000, 'Jenis 610'),
(611, 611000, 'Jenis 611'),
(612, 612000, 'Jenis 612'),
(613, 613000, 'Jenis 613'),
(614, 614000, 'Jenis 614'),
(615, 615000, 'Jenis 615'),
(616, 616000, 'Jenis 616'),
(617, 617000, 'Jenis 617'),
(618, 618000, 'Jenis 618'),
(619, 619000, 'Jenis 619'),
(620, 620000, 'Jenis 620'),
(621, 621000, 'Jenis 621'),
(622, 622000, 'Jenis 622'),
(623, 623000, 'Jenis 623'),
(624, 624000, 'Jenis 624'),
(625, 625000, 'Jenis 625'),
(626, 626000, 'Jenis 626'),
(627, 627000, 'Jenis 627'),
(628, 628000, 'Jenis 628'),
(629, 629000, 'Jenis 629'),
(630, 630000, 'Jenis 630'),
(631, 631000, 'Jenis 631'),
(632, 632000, 'Jenis 632'),
(633, 633000, 'Jenis 633'),
(634, 634000, 'Jenis 634'),
(635, 635000, 'Jenis 635'),
(636, 636000, 'Jenis 636'),
(637, 637000, 'Jenis 637'),
(638, 638000, 'Jenis 638'),
(639, 639000, 'Jenis 639'),
(640, 640000, 'Jenis 640'),
(641, 641000, 'Jenis 641'),
(642, 642000, 'Jenis 642'),
(643, 643000, 'Jenis 643'),
(644, 644000, 'Jenis 644'),
(645, 645000, 'Jenis 645'),
(646, 646000, 'Jenis 646'),
(647, 647000, 'Jenis 647'),
(648, 648000, 'Jenis 648'),
(649, 649000, 'Jenis 649'),
(650, 650000, 'Jenis 650'),
(651, 651000, 'Jenis 651'),
(652, 652000, 'Jenis 652'),
(653, 653000, 'Jenis 653'),
(654, 654000, 'Jenis 654'),
(655, 655000, 'Jenis 655'),
(656, 656000, 'Jenis 656'),
(657, 657000, 'Jenis 657'),
(658, 658000, 'Jenis 658'),
(659, 659000, 'Jenis 659'),
(660, 660000, 'Jenis 660'),
(661, 661000, 'Jenis 661'),
(662, 662000, 'Jenis 662'),
(663, 663000, 'Jenis 663'),
(664, 664000, 'Jenis 664'),
(665, 665000, 'Jenis 665'),
(666, 666000, 'Jenis 666'),
(667, 667000, 'Jenis 667'),
(668, 668000, 'Jenis 668'),
(669, 669000, 'Jenis 669'),
(670, 670000, 'Jenis 670'),
(671, 671000, 'Jenis 671'),
(672, 672000, 'Jenis 672'),
(673, 673000, 'Jenis 673'),
(674, 674000, 'Jenis 674'),
(675, 675000, 'Jenis 675'),
(676, 676000, 'Jenis 676'),
(677, 677000, 'Jenis 677'),
(678, 678000, 'Jenis 678'),
(679, 679000, 'Jenis 679'),
(680, 680000, 'Jenis 680'),
(681, 681000, 'Jenis 681'),
(682, 682000, 'Jenis 682'),
(683, 683000, 'Jenis 683'),
(684, 684000, 'Jenis 684'),
(685, 685000, 'Jenis 685'),
(686, 686000, 'Jenis 686'),
(687, 687000, 'Jenis 687'),
(688, 688000, 'Jenis 688'),
(689, 689000, 'Jenis 689'),
(690, 690000, 'Jenis 690'),
(691, 691000, 'Jenis 691'),
(692, 692000, 'Jenis 692'),
(693, 693000, 'Jenis 693'),
(694, 694000, 'Jenis 694'),
(695, 695000, 'Jenis 695'),
(696, 696000, 'Jenis 696'),
(697, 697000, 'Jenis 697'),
(698, 698000, 'Jenis 698'),
(699, 699000, 'Jenis 699'),
(700, 700000, 'Jenis 700'),
(701, 701000, 'Jenis 701'),
(702, 702000, 'Jenis 702'),
(703, 703000, 'Jenis 703'),
(704, 704000, 'Jenis 704'),
(705, 705000, 'Jenis 705'),
(706, 706000, 'Jenis 706'),
(707, 707000, 'Jenis 707'),
(708, 708000, 'Jenis 708'),
(709, 709000, 'Jenis 709'),
(710, 710000, 'Jenis 710'),
(711, 711000, 'Jenis 711'),
(712, 712000, 'Jenis 712'),
(713, 713000, 'Jenis 713'),
(714, 714000, 'Jenis 714'),
(715, 715000, 'Jenis 715'),
(716, 716000, 'Jenis 716'),
(717, 717000, 'Jenis 717'),
(718, 718000, 'Jenis 718'),
(719, 719000, 'Jenis 719'),
(720, 720000, 'Jenis 720'),
(721, 721000, 'Jenis 721'),
(722, 722000, 'Jenis 722'),
(723, 723000, 'Jenis 723'),
(724, 724000, 'Jenis 724'),
(725, 725000, 'Jenis 725'),
(726, 726000, 'Jenis 726'),
(727, 727000, 'Jenis 727'),
(728, 728000, 'Jenis 728'),
(729, 729000, 'Jenis 729'),
(730, 730000, 'Jenis 730'),
(731, 731000, 'Jenis 731'),
(732, 732000, 'Jenis 732'),
(733, 733000, 'Jenis 733'),
(734, 734000, 'Jenis 734'),
(735, 735000, 'Jenis 735'),
(736, 736000, 'Jenis 736'),
(737, 737000, 'Jenis 737'),
(738, 738000, 'Jenis 738'),
(739, 739000, 'Jenis 739'),
(740, 740000, 'Jenis 740'),
(741, 741000, 'Jenis 741'),
(742, 742000, 'Jenis 742'),
(743, 743000, 'Jenis 743'),
(744, 744000, 'Jenis 744'),
(745, 745000, 'Jenis 745'),
(746, 746000, 'Jenis 746'),
(747, 747000, 'Jenis 747'),
(748, 748000, 'Jenis 748'),
(749, 749000, 'Jenis 749'),
(750, 750000, 'Jenis 750'),
(751, 751000, 'Jenis 751'),
(752, 752000, 'Jenis 752'),
(753, 753000, 'Jenis 753'),
(754, 754000, 'Jenis 754'),
(755, 755000, 'Jenis 755'),
(756, 756000, 'Jenis 756'),
(757, 757000, 'Jenis 757'),
(758, 758000, 'Jenis 758'),
(759, 759000, 'Jenis 759'),
(760, 760000, 'Jenis 760'),
(761, 761000, 'Jenis 761'),
(762, 762000, 'Jenis 762'),
(763, 763000, 'Jenis 763'),
(764, 764000, 'Jenis 764'),
(765, 765000, 'Jenis 765'),
(766, 766000, 'Jenis 766'),
(767, 767000, 'Jenis 767'),
(768, 768000, 'Jenis 768'),
(769, 769000, 'Jenis 769'),
(770, 770000, 'Jenis 770'),
(771, 771000, 'Jenis 771'),
(772, 772000, 'Jenis 772'),
(773, 773000, 'Jenis 773'),
(774, 774000, 'Jenis 774'),
(775, 775000, 'Jenis 775'),
(776, 776000, 'Jenis 776'),
(777, 777000, 'Jenis 777'),
(778, 778000, 'Jenis 778'),
(779, 779000, 'Jenis 779'),
(780, 780000, 'Jenis 780'),
(781, 781000, 'Jenis 781'),
(782, 782000, 'Jenis 782'),
(783, 783000, 'Jenis 783'),
(784, 784000, 'Jenis 784'),
(785, 785000, 'Jenis 785'),
(786, 786000, 'Jenis 786'),
(787, 787000, 'Jenis 787'),
(788, 788000, 'Jenis 788'),
(789, 789000, 'Jenis 789'),
(790, 790000, 'Jenis 790'),
(791, 791000, 'Jenis 791'),
(792, 792000, 'Jenis 792'),
(793, 793000, 'Jenis 793'),
(794, 794000, 'Jenis 794'),
(795, 795000, 'Jenis 795'),
(796, 796000, 'Jenis 796'),
(797, 797000, 'Jenis 797'),
(798, 798000, 'Jenis 798'),
(799, 799000, 'Jenis 799'),
(800, 800000, 'Jenis 800'),
(801, 801000, 'Jenis 801'),
(802, 802000, 'Jenis 802'),
(803, 803000, 'Jenis 803'),
(804, 804000, 'Jenis 804'),
(805, 805000, 'Jenis 805'),
(806, 806000, 'Jenis 806'),
(807, 807000, 'Jenis 807'),
(808, 808000, 'Jenis 808'),
(809, 809000, 'Jenis 809'),
(810, 810000, 'Jenis 810'),
(811, 811000, 'Jenis 811'),
(812, 812000, 'Jenis 812'),
(813, 813000, 'Jenis 813'),
(814, 814000, 'Jenis 814'),
(815, 815000, 'Jenis 815'),
(816, 816000, 'Jenis 816'),
(817, 817000, 'Jenis 817'),
(818, 818000, 'Jenis 818'),
(819, 819000, 'Jenis 819'),
(820, 820000, 'Jenis 820'),
(821, 821000, 'Jenis 821'),
(822, 822000, 'Jenis 822'),
(823, 823000, 'Jenis 823'),
(824, 824000, 'Jenis 824'),
(825, 825000, 'Jenis 825'),
(826, 826000, 'Jenis 826'),
(827, 827000, 'Jenis 827'),
(828, 828000, 'Jenis 828'),
(829, 829000, 'Jenis 829'),
(830, 830000, 'Jenis 830'),
(831, 831000, 'Jenis 831'),
(832, 832000, 'Jenis 832'),
(833, 833000, 'Jenis 833'),
(834, 834000, 'Jenis 834'),
(835, 835000, 'Jenis 835'),
(836, 836000, 'Jenis 836'),
(837, 837000, 'Jenis 837'),
(838, 838000, 'Jenis 838'),
(839, 839000, 'Jenis 839'),
(840, 840000, 'Jenis 840'),
(841, 841000, 'Jenis 841'),
(842, 842000, 'Jenis 842'),
(843, 843000, 'Jenis 843'),
(844, 844000, 'Jenis 844'),
(845, 845000, 'Jenis 845'),
(846, 846000, 'Jenis 846'),
(847, 847000, 'Jenis 847'),
(848, 848000, 'Jenis 848'),
(849, 849000, 'Jenis 849'),
(850, 850000, 'Jenis 850'),
(851, 851000, 'Jenis 851'),
(852, 852000, 'Jenis 852'),
(853, 853000, 'Jenis 853'),
(854, 854000, 'Jenis 854'),
(855, 855000, 'Jenis 855'),
(856, 856000, 'Jenis 856'),
(857, 857000, 'Jenis 857'),
(858, 858000, 'Jenis 858'),
(859, 859000, 'Jenis 859'),
(860, 860000, 'Jenis 860'),
(861, 861000, 'Jenis 861'),
(862, 862000, 'Jenis 862'),
(863, 863000, 'Jenis 863'),
(864, 864000, 'Jenis 864'),
(865, 865000, 'Jenis 865'),
(866, 866000, 'Jenis 866'),
(867, 867000, 'Jenis 867'),
(868, 868000, 'Jenis 868'),
(869, 869000, 'Jenis 869'),
(870, 870000, 'Jenis 870'),
(871, 871000, 'Jenis 871'),
(872, 872000, 'Jenis 872'),
(873, 873000, 'Jenis 873'),
(874, 874000, 'Jenis 874'),
(875, 875000, 'Jenis 875'),
(876, 876000, 'Jenis 876'),
(877, 877000, 'Jenis 877'),
(878, 878000, 'Jenis 878'),
(879, 879000, 'Jenis 879'),
(880, 880000, 'Jenis 880'),
(881, 881000, 'Jenis 881'),
(882, 882000, 'Jenis 882'),
(883, 883000, 'Jenis 883'),
(884, 884000, 'Jenis 884'),
(885, 885000, 'Jenis 885'),
(886, 886000, 'Jenis 886'),
(887, 887000, 'Jenis 887'),
(888, 888000, 'Jenis 888'),
(889, 889000, 'Jenis 889'),
(890, 890000, 'Jenis 890'),
(891, 891000, 'Jenis 891'),
(892, 892000, 'Jenis 892'),
(893, 893000, 'Jenis 893'),
(894, 894000, 'Jenis 894'),
(895, 895000, 'Jenis 895'),
(896, 896000, 'Jenis 896'),
(897, 897000, 'Jenis 897'),
(898, 898000, 'Jenis 898'),
(899, 899000, 'Jenis 899'),
(900, 900000, 'Jenis 900'),
(901, 901000, 'Jenis 901'),
(902, 902000, 'Jenis 902'),
(903, 903000, 'Jenis 903'),
(904, 904000, 'Jenis 904'),
(905, 905000, 'Jenis 905'),
(906, 906000, 'Jenis 906'),
(907, 907000, 'Jenis 907'),
(908, 908000, 'Jenis 908'),
(909, 909000, 'Jenis 909'),
(910, 910000, 'Jenis 910'),
(911, 911000, 'Jenis 911'),
(912, 912000, 'Jenis 912'),
(913, 913000, 'Jenis 913'),
(914, 914000, 'Jenis 914'),
(915, 915000, 'Jenis 915'),
(916, 916000, 'Jenis 916'),
(917, 917000, 'Jenis 917'),
(918, 918000, 'Jenis 918'),
(919, 919000, 'Jenis 919'),
(920, 920000, 'Jenis 920'),
(921, 921000, 'Jenis 921'),
(922, 922000, 'Jenis 922'),
(923, 923000, 'Jenis 923'),
(924, 924000, 'Jenis 924'),
(925, 925000, 'Jenis 925'),
(926, 926000, 'Jenis 926'),
(927, 927000, 'Jenis 927'),
(928, 928000, 'Jenis 928'),
(929, 929000, 'Jenis 929'),
(930, 930000, 'Jenis 930'),
(931, 931000, 'Jenis 931'),
(932, 932000, 'Jenis 932'),
(933, 933000, 'Jenis 933'),
(934, 934000, 'Jenis 934'),
(935, 935000, 'Jenis 935'),
(936, 936000, 'Jenis 936'),
(937, 937000, 'Jenis 937'),
(938, 938000, 'Jenis 938'),
(939, 939000, 'Jenis 939'),
(940, 940000, 'Jenis 940'),
(941, 941000, 'Jenis 941'),
(942, 942000, 'Jenis 942'),
(943, 943000, 'Jenis 943'),
(944, 944000, 'Jenis 944'),
(945, 945000, 'Jenis 945'),
(946, 946000, 'Jenis 946'),
(947, 947000, 'Jenis 947'),
(948, 948000, 'Jenis 948'),
(949, 949000, 'Jenis 949'),
(950, 950000, 'Jenis 950'),
(951, 951000, 'Jenis 951'),
(952, 952000, 'Jenis 952'),
(953, 953000, 'Jenis 953'),
(954, 954000, 'Jenis 954'),
(955, 955000, 'Jenis 955'),
(956, 956000, 'Jenis 956'),
(957, 957000, 'Jenis 957'),
(958, 958000, 'Jenis 958'),
(959, 959000, 'Jenis 959'),
(960, 960000, 'Jenis 960'),
(961, 961000, 'Jenis 961'),
(962, 962000, 'Jenis 962'),
(963, 963000, 'Jenis 963'),
(964, 964000, 'Jenis 964'),
(965, 965000, 'Jenis 965'),
(966, 966000, 'Jenis 966'),
(967, 967000, 'Jenis 967'),
(968, 968000, 'Jenis 968'),
(969, 969000, 'Jenis 969'),
(970, 970000, 'Jenis 970'),
(971, 971000, 'Jenis 971'),
(972, 972000, 'Jenis 972'),
(973, 973000, 'Jenis 973'),
(974, 974000, 'Jenis 974'),
(975, 975000, 'Jenis 975'),
(976, 976000, 'Jenis 976'),
(977, 977000, 'Jenis 977'),
(978, 978000, 'Jenis 978'),
(979, 979000, 'Jenis 979'),
(980, 980000, 'Jenis 980'),
(981, 981000, 'Jenis 981'),
(982, 982000, 'Jenis 982'),
(983, 983000, 'Jenis 983'),
(984, 984000, 'Jenis 984'),
(985, 985000, 'Jenis 985'),
(986, 986000, 'Jenis 986'),
(987, 987000, 'Jenis 987'),
(988, 988000, 'Jenis 988'),
(989, 989000, 'Jenis 989'),
(990, 990000, 'Jenis 990'),
(991, 991000, 'Jenis 991'),
(992, 992000, 'Jenis 992'),
(993, 993000, 'Jenis 993'),
(994, 994000, 'Jenis 994'),
(995, 995000, 'Jenis 995'),
(996, 996000, 'Jenis 996'),
(997, 997000, 'Jenis 997'),
(998, 998000, 'Jenis 998'),
(999, 999000, 'Jenis 999');

-- --------------------------------------------------------

--
-- Table structure for table `uang_palsu`
--

CREATE TABLE `uang_palsu` (
  `id` int(11) NOT NULL,
  `id_uang` int(11) DEFAULT NULL,
  `keterangan` varchar(255) DEFAULT NULL
) ENGINE=InnoDB DEFAULT CHARSET=utf8mb4;

--
-- Dumping data for table `uang_palsu`
--

INSERT INTO `uang_palsu` (`id`, `id_uang`, `keterangan`) VALUES
(1, 0, 'Uang palsu ke-0'),
(2, 1, 'Uang palsu ke-1'),
(3, 2, 'Uang palsu ke-2'),
(4, 3, 'Uang palsu ke-3'),
(5, 4, 'Uang palsu ke-4'),
(6, 5, 'Uang palsu ke-5'),
(7, 6, 'Uang palsu ke-6'),
(8, 7, 'Uang palsu ke-7'),
(9, 8, 'Uang palsu ke-8'),
(10, 9, 'Uang palsu ke-9'),
(11, 10, 'Uang palsu ke-10'),
(12, 11, 'Uang palsu ke-11'),
(13, 12, 'Uang palsu ke-12'),
(14, 13, 'Uang palsu ke-13'),
(15, 14, 'Uang palsu ke-14'),
(16, 15, 'Uang palsu ke-15'),
(17, 16, 'Uang palsu ke-16'),
(18, 17, 'Uang palsu ke-17'),
(19, 18, 'Uang palsu ke-18'),
(20, 19, 'Uang palsu ke-19'),
(21, 20, 'Uang palsu ke-20'),
(22, 21, 'Uang palsu ke-21'),
(23, 22, 'Uang palsu ke-22'),
(24, 23, 'Uang palsu ke-23'),
(25, 24, 'Uang palsu ke-24'),
(26, 25, 'Uang palsu ke-25'),
(27, 26, 'Uang palsu ke-26'),
(28, 27, 'Uang palsu ke-27'),
(29, 28, 'Uang palsu ke-28'),
(30, 29, 'Uang palsu ke-29'),
(31, 30, 'Uang palsu ke-30'),
(32, 31, 'Uang palsu ke-31'),
(33, 32, 'Uang palsu ke-32'),
(34, 33, 'Uang palsu ke-33'),
(35, 34, 'Uang palsu ke-34'),
(36, 35, 'Uang palsu ke-35'),
(37, 36, 'Uang palsu ke-36'),
(38, 37, 'Uang palsu ke-37'),
(39, 38, 'Uang palsu ke-38'),
(40, 39, 'Uang palsu ke-39'),
(41, 40, 'Uang palsu ke-40'),
(42, 41, 'Uang palsu ke-41'),
(43, 42, 'Uang palsu ke-42'),
(44, 43, 'Uang palsu ke-43'),
(45, 44, 'Uang palsu ke-44'),
(46, 45, 'Uang palsu ke-45'),
(47, 46, 'Uang palsu ke-46'),
(48, 47, 'Uang palsu ke-47'),
(49, 48, 'Uang palsu ke-48'),
(50, 49, 'Uang palsu ke-49'),
(51, 50, 'Uang palsu ke-50'),
(52, 51, 'Uang palsu ke-51'),
(53, 52, 'Uang palsu ke-52'),
(54, 53, 'Uang palsu ke-53'),
(55, 54, 'Uang palsu ke-54'),
(56, 55, 'Uang palsu ke-55'),
(57, 56, 'Uang palsu ke-56'),
(58, 57, 'Uang palsu ke-57'),
(59, 58, 'Uang palsu ke-58'),
(60, 59, 'Uang palsu ke-59'),
(61, 60, 'Uang palsu ke-60'),
(62, 61, 'Uang palsu ke-61'),
(63, 62, 'Uang palsu ke-62'),
(64, 63, 'Uang palsu ke-63'),
(65, 64, 'Uang palsu ke-64'),
(66, 65, 'Uang palsu ke-65'),
(67, 66, 'Uang palsu ke-66'),
(68, 67, 'Uang palsu ke-67'),
(69, 68, 'Uang palsu ke-68'),
(70, 69, 'Uang palsu ke-69'),
(71, 70, 'Uang palsu ke-70'),
(72, 71, 'Uang palsu ke-71'),
(73, 72, 'Uang palsu ke-72'),
(74, 73, 'Uang palsu ke-73'),
(75, 74, 'Uang palsu ke-74'),
(76, 75, 'Uang palsu ke-75'),
(77, 76, 'Uang palsu ke-76'),
(78, 77, 'Uang palsu ke-77'),
(79, 78, 'Uang palsu ke-78'),
(80, 79, 'Uang palsu ke-79'),
(81, 80, 'Uang palsu ke-80'),
(82, 81, 'Uang palsu ke-81'),
(83, 82, 'Uang palsu ke-82'),
(84, 83, 'Uang palsu ke-83'),
(85, 84, 'Uang palsu ke-84'),
(86, 85, 'Uang palsu ke-85'),
(87, 86, 'Uang palsu ke-86'),
(88, 87, 'Uang palsu ke-87'),
(89, 88, 'Uang palsu ke-88'),
(90, 89, 'Uang palsu ke-89'),
(91, 90, 'Uang palsu ke-90'),
(92, 91, 'Uang palsu ke-91'),
(93, 92, 'Uang palsu ke-92'),
(94, 93, 'Uang palsu ke-93'),
(95, 94, 'Uang palsu ke-94'),
(96, 95, 'Uang palsu ke-95'),
(97, 96, 'Uang palsu ke-96'),
(98, 97, 'Uang palsu ke-97'),
(99, 98, 'Uang palsu ke-98'),
(100, 99, 'Uang palsu ke-99'),
(101, 100, 'Uang palsu ke-100'),
(102, 101, 'Uang palsu ke-101'),
(103, 102, 'Uang palsu ke-102'),
(104, 103, 'Uang palsu ke-103'),
(105, 104, 'Uang palsu ke-104'),
(106, 105, 'Uang palsu ke-105'),
(107, 106, 'Uang palsu ke-106'),
(108, 107, 'Uang palsu ke-107'),
(109, 108, 'Uang palsu ke-108'),
(110, 109, 'Uang palsu ke-109'),
(111, 110, 'Uang palsu ke-110'),
(112, 111, 'Uang palsu ke-111'),
(113, 112, 'Uang palsu ke-112'),
(114, 113, 'Uang palsu ke-113'),
(115, 114, 'Uang palsu ke-114'),
(116, 115, 'Uang palsu ke-115'),
(117, 116, 'Uang palsu ke-116'),
(118, 117, 'Uang palsu ke-117'),
(119, 118, 'Uang palsu ke-118'),
(120, 119, 'Uang palsu ke-119'),
(121, 120, 'Uang palsu ke-120'),
(122, 121, 'Uang palsu ke-121'),
(123, 122, 'Uang palsu ke-122'),
(124, 123, 'Uang palsu ke-123'),
(125, 124, 'Uang palsu ke-124'),
(126, 125, 'Uang palsu ke-125'),
(127, 126, 'Uang palsu ke-126'),
(128, 127, 'Uang palsu ke-127'),
(129, 128, 'Uang palsu ke-128'),
(130, 129, 'Uang palsu ke-129'),
(131, 130, 'Uang palsu ke-130'),
(132, 131, 'Uang palsu ke-131'),
(133, 132, 'Uang palsu ke-132'),
(134, 133, 'Uang palsu ke-133'),
(135, 134, 'Uang palsu ke-134'),
(136, 135, 'Uang palsu ke-135'),
(137, 136, 'Uang palsu ke-136'),
(138, 137, 'Uang palsu ke-137'),
(139, 138, 'Uang palsu ke-138'),
(140, 139, 'Uang palsu ke-139'),
(141, 140, 'Uang palsu ke-140'),
(142, 141, 'Uang palsu ke-141'),
(143, 142, 'Uang palsu ke-142'),
(144, 143, 'Uang palsu ke-143'),
(145, 144, 'Uang palsu ke-144'),
(146, 145, 'Uang palsu ke-145'),
(147, 146, 'Uang palsu ke-146'),
(148, 147, 'Uang palsu ke-147'),
(149, 148, 'Uang palsu ke-148'),
(150, 149, 'Uang palsu ke-149'),
(151, 150, 'Uang palsu ke-150'),
(152, 151, 'Uang palsu ke-151'),
(153, 152, 'Uang palsu ke-152'),
(154, 153, 'Uang palsu ke-153'),
(155, 154, 'Uang palsu ke-154'),
(156, 155, 'Uang palsu ke-155'),
(157, 156, 'Uang palsu ke-156'),
(158, 157, 'Uang palsu ke-157'),
(159, 158, 'Uang palsu ke-158'),
(160, 159, 'Uang palsu ke-159'),
(161, 160, 'Uang palsu ke-160'),
(162, 161, 'Uang palsu ke-161'),
(163, 162, 'Uang palsu ke-162'),
(164, 163, 'Uang palsu ke-163'),
(165, 164, 'Uang palsu ke-164'),
(166, 165, 'Uang palsu ke-165'),
(167, 166, 'Uang palsu ke-166'),
(168, 167, 'Uang palsu ke-167'),
(169, 168, 'Uang palsu ke-168'),
(170, 169, 'Uang palsu ke-169'),
(171, 170, 'Uang palsu ke-170'),
(172, 171, 'Uang palsu ke-171'),
(173, 172, 'Uang palsu ke-172'),
(174, 173, 'Uang palsu ke-173'),
(175, 174, 'Uang palsu ke-174'),
(176, 175, 'Uang palsu ke-175'),
(177, 176, 'Uang palsu ke-176'),
(178, 177, 'Uang palsu ke-177'),
(179, 178, 'Uang palsu ke-178'),
(180, 179, 'Uang palsu ke-179'),
(181, 180, 'Uang palsu ke-180'),
(182, 181, 'Uang palsu ke-181'),
(183, 182, 'Uang palsu ke-182'),
(184, 183, 'Uang palsu ke-183'),
(185, 184, 'Uang palsu ke-184'),
(186, 185, 'Uang palsu ke-185'),
(187, 186, 'Uang palsu ke-186'),
(188, 187, 'Uang palsu ke-187'),
(189, 188, 'Uang palsu ke-188'),
(190, 189, 'Uang palsu ke-189'),
(191, 190, 'Uang palsu ke-190'),
(192, 191, 'Uang palsu ke-191'),
(193, 192, 'Uang palsu ke-192'),
(194, 193, 'Uang palsu ke-193'),
(195, 194, 'Uang palsu ke-194'),
(196, 195, 'Uang palsu ke-195'),
(197, 196, 'Uang palsu ke-196'),
(198, 197, 'Uang palsu ke-197'),
(199, 198, 'Uang palsu ke-198'),
(200, 199, 'Uang palsu ke-199'),
(201, 200, 'Uang palsu ke-200'),
(202, 201, 'Uang palsu ke-201'),
(203, 202, 'Uang palsu ke-202'),
(204, 203, 'Uang palsu ke-203'),
(205, 204, 'Uang palsu ke-204'),
(206, 205, 'Uang palsu ke-205'),
(207, 206, 'Uang palsu ke-206'),
(208, 207, 'Uang palsu ke-207'),
(209, 208, 'Uang palsu ke-208'),
(210, 209, 'Uang palsu ke-209'),
(211, 210, 'Uang palsu ke-210'),
(212, 211, 'Uang palsu ke-211'),
(213, 212, 'Uang palsu ke-212'),
(214, 213, 'Uang palsu ke-213'),
(215, 214, 'Uang palsu ke-214'),
(216, 215, 'Uang palsu ke-215'),
(217, 216, 'Uang palsu ke-216'),
(218, 217, 'Uang palsu ke-217'),
(219, 218, 'Uang palsu ke-218'),
(220, 219, 'Uang palsu ke-219'),
(221, 220, 'Uang palsu ke-220'),
(222, 221, 'Uang palsu ke-221'),
(223, 222, 'Uang palsu ke-222'),
(224, 223, 'Uang palsu ke-223'),
(225, 224, 'Uang palsu ke-224'),
(226, 225, 'Uang palsu ke-225'),
(227, 226, 'Uang palsu ke-226'),
(228, 227, 'Uang palsu ke-227'),
(229, 228, 'Uang palsu ke-228'),
(230, 229, 'Uang palsu ke-229'),
(231, 230, 'Uang palsu ke-230'),
(232, 231, 'Uang palsu ke-231'),
(233, 232, 'Uang palsu ke-232'),
(234, 233, 'Uang palsu ke-233'),
(235, 234, 'Uang palsu ke-234'),
(236, 235, 'Uang palsu ke-235'),
(237, 236, 'Uang palsu ke-236'),
(238, 237, 'Uang palsu ke-237'),
(239, 238, 'Uang palsu ke-238'),
(240, 239, 'Uang palsu ke-239'),
(241, 240, 'Uang palsu ke-240'),
(242, 241, 'Uang palsu ke-241'),
(243, 242, 'Uang palsu ke-242'),
(244, 243, 'Uang palsu ke-243'),
(245, 244, 'Uang palsu ke-244'),
(246, 245, 'Uang palsu ke-245'),
(247, 246, 'Uang palsu ke-246'),
(248, 247, 'Uang palsu ke-247'),
(249, 248, 'Uang palsu ke-248'),
(250, 249, 'Uang palsu ke-249'),
(251, 250, 'Uang palsu ke-250'),
(252, 251, 'Uang palsu ke-251'),
(253, 252, 'Uang palsu ke-252'),
(254, 253, 'Uang palsu ke-253'),
(255, 254, 'Uang palsu ke-254'),
(256, 255, 'Uang palsu ke-255'),
(257, 256, 'Uang palsu ke-256'),
(258, 257, 'Uang palsu ke-257'),
(259, 258, 'Uang palsu ke-258'),
(260, 259, 'Uang palsu ke-259'),
(261, 260, 'Uang palsu ke-260'),
(262, 261, 'Uang palsu ke-261'),
(263, 262, 'Uang palsu ke-262'),
(264, 263, 'Uang palsu ke-263'),
(265, 264, 'Uang palsu ke-264'),
(266, 265, 'Uang palsu ke-265'),
(267, 266, 'Uang palsu ke-266'),
(268, 267, 'Uang palsu ke-267'),
(269, 268, 'Uang palsu ke-268'),
(270, 269, 'Uang palsu ke-269'),
(271, 270, 'Uang palsu ke-270'),
(272, 271, 'Uang palsu ke-271'),
(273, 272, 'Uang palsu ke-272'),
(274, 273, 'Uang palsu ke-273'),
(275, 274, 'Uang palsu ke-274'),
(276, 275, 'Uang palsu ke-275'),
(277, 276, 'Uang palsu ke-276'),
(278, 277, 'Uang palsu ke-277'),
(279, 278, 'Uang palsu ke-278'),
(280, 279, 'Uang palsu ke-279'),
(281, 280, 'Uang palsu ke-280'),
(282, 281, 'Uang palsu ke-281'),
(283, 282, 'Uang palsu ke-282'),
(284, 283, 'Uang palsu ke-283'),
(285, 284, 'Uang palsu ke-284'),
(286, 285, 'Uang palsu ke-285'),
(287, 286, 'Uang palsu ke-286'),
(288, 287, 'Uang palsu ke-287'),
(289, 288, 'Uang palsu ke-288'),
(290, 289, 'Uang palsu ke-289'),
(291, 290, 'Uang palsu ke-290'),
(292, 291, 'Uang palsu ke-291'),
(293, 292, 'Uang palsu ke-292'),
(294, 293, 'Uang palsu ke-293'),
(295, 294, 'Uang palsu ke-294'),
(296, 295, 'Uang palsu ke-295'),
(297, 296, 'Uang palsu ke-296'),
(298, 297, 'Uang palsu ke-297'),
(299, 298, 'Uang palsu ke-298'),
(300, 299, 'Uang palsu ke-299'),
(301, 300, 'Uang palsu ke-300'),
(302, 301, 'Uang palsu ke-301'),
(303, 302, 'Uang palsu ke-302'),
(304, 303, 'Uang palsu ke-303'),
(305, 304, 'Uang palsu ke-304'),
(306, 305, 'Uang palsu ke-305'),
(307, 306, 'Uang palsu ke-306'),
(308, 307, 'Uang palsu ke-307'),
(309, 308, 'Uang palsu ke-308'),
(310, 309, 'Uang palsu ke-309'),
(311, 310, 'Uang palsu ke-310'),
(312, 311, 'Uang palsu ke-311'),
(313, 312, 'Uang palsu ke-312'),
(314, 313, 'Uang palsu ke-313'),
(315, 314, 'Uang palsu ke-314'),
(316, 315, 'Uang palsu ke-315'),
(317, 316, 'Uang palsu ke-316'),
(318, 317, 'Uang palsu ke-317'),
(319, 318, 'Uang palsu ke-318'),
(320, 319, 'Uang palsu ke-319'),
(321, 320, 'Uang palsu ke-320'),
(322, 321, 'Uang palsu ke-321'),
(323, 322, 'Uang palsu ke-322'),
(324, 323, 'Uang palsu ke-323'),
(325, 324, 'Uang palsu ke-324'),
(326, 325, 'Uang palsu ke-325'),
(327, 326, 'Uang palsu ke-326'),
(328, 327, 'Uang palsu ke-327'),
(329, 328, 'Uang palsu ke-328'),
(330, 329, 'Uang palsu ke-329'),
(331, 330, 'Uang palsu ke-330'),
(332, 331, 'Uang palsu ke-331'),
(333, 332, 'Uang palsu ke-332'),
(334, 333, 'Uang palsu ke-333'),
(335, 334, 'Uang palsu ke-334'),
(336, 335, 'Uang palsu ke-335'),
(337, 336, 'Uang palsu ke-336'),
(338, 337, 'Uang palsu ke-337'),
(339, 338, 'Uang palsu ke-338'),
(340, 339, 'Uang palsu ke-339'),
(341, 340, 'Uang palsu ke-340'),
(342, 341, 'Uang palsu ke-341'),
(343, 342, 'Uang palsu ke-342'),
(344, 343, 'Uang palsu ke-343'),
(345, 344, 'Uang palsu ke-344'),
(346, 345, 'Uang palsu ke-345'),
(347, 346, 'Uang palsu ke-346'),
(348, 347, 'Uang palsu ke-347'),
(349, 348, 'Uang palsu ke-348'),
(350, 349, 'Uang palsu ke-349'),
(351, 350, 'Uang palsu ke-350'),
(352, 351, 'Uang palsu ke-351'),
(353, 352, 'Uang palsu ke-352'),
(354, 353, 'Uang palsu ke-353'),
(355, 354, 'Uang palsu ke-354'),
(356, 355, 'Uang palsu ke-355'),
(357, 356, 'Uang palsu ke-356'),
(358, 357, 'Uang palsu ke-357'),
(359, 358, 'Uang palsu ke-358'),
(360, 359, 'Uang palsu ke-359'),
(361, 360, 'Uang palsu ke-360'),
(362, 361, 'Uang palsu ke-361'),
(363, 362, 'Uang palsu ke-362'),
(364, 363, 'Uang palsu ke-363'),
(365, 364, 'Uang palsu ke-364'),
(366, 365, 'Uang palsu ke-365'),
(367, 366, 'Uang palsu ke-366'),
(368, 367, 'Uang palsu ke-367'),
(369, 368, 'Uang palsu ke-368'),
(370, 369, 'Uang palsu ke-369'),
(371, 370, 'Uang palsu ke-370'),
(372, 371, 'Uang palsu ke-371'),
(373, 372, 'Uang palsu ke-372'),
(374, 373, 'Uang palsu ke-373'),
(375, 374, 'Uang palsu ke-374'),
(376, 375, 'Uang palsu ke-375'),
(377, 376, 'Uang palsu ke-376'),
(378, 377, 'Uang palsu ke-377'),
(379, 378, 'Uang palsu ke-378'),
(380, 379, 'Uang palsu ke-379'),
(381, 380, 'Uang palsu ke-380'),
(382, 381, 'Uang palsu ke-381'),
(383, 382, 'Uang palsu ke-382'),
(384, 383, 'Uang palsu ke-383'),
(385, 384, 'Uang palsu ke-384'),
(386, 385, 'Uang palsu ke-385'),
(387, 386, 'Uang palsu ke-386'),
(388, 387, 'Uang palsu ke-387'),
(389, 388, 'Uang palsu ke-388'),
(390, 389, 'Uang palsu ke-389'),
(391, 390, 'Uang palsu ke-390'),
(392, 391, 'Uang palsu ke-391'),
(393, 392, 'Uang palsu ke-392'),
(394, 393, 'Uang palsu ke-393'),
(395, 394, 'Uang palsu ke-394'),
(396, 395, 'Uang palsu ke-395'),
(397, 396, 'Uang palsu ke-396'),
(398, 397, 'Uang palsu ke-397'),
(399, 398, 'Uang palsu ke-398'),
(400, 399, 'Uang palsu ke-399'),
(401, 400, 'Uang palsu ke-400'),
(402, 401, 'Uang palsu ke-401'),
(403, 402, 'Uang palsu ke-402'),
(404, 403, 'Uang palsu ke-403'),
(405, 404, 'Uang palsu ke-404'),
(406, 405, 'Uang palsu ke-405'),
(407, 406, 'Uang palsu ke-406'),
(408, 407, 'Uang palsu ke-407'),
(409, 408, 'Uang palsu ke-408'),
(410, 409, 'Uang palsu ke-409'),
(411, 410, 'Uang palsu ke-410'),
(412, 411, 'Uang palsu ke-411'),
(413, 412, 'Uang palsu ke-412'),
(414, 413, 'Uang palsu ke-413'),
(415, 414, 'Uang palsu ke-414'),
(416, 415, 'Uang palsu ke-415'),
(417, 416, 'Uang palsu ke-416'),
(418, 417, 'Uang palsu ke-417'),
(419, 418, 'Uang palsu ke-418'),
(420, 419, 'Uang palsu ke-419'),
(421, 420, 'Uang palsu ke-420'),
(422, 421, 'Uang palsu ke-421'),
(423, 422, 'Uang palsu ke-422'),
(424, 423, 'Uang palsu ke-423'),
(425, 424, 'Uang palsu ke-424'),
(426, 425, 'Uang palsu ke-425'),
(427, 426, 'Uang palsu ke-426'),
(428, 427, 'Uang palsu ke-427'),
(429, 428, 'Uang palsu ke-428'),
(430, 429, 'Uang palsu ke-429'),
(431, 430, 'Uang palsu ke-430'),
(432, 431, 'Uang palsu ke-431'),
(433, 432, 'Uang palsu ke-432'),
(434, 433, 'Uang palsu ke-433'),
(435, 434, 'Uang palsu ke-434'),
(436, 435, 'Uang palsu ke-435'),
(437, 436, 'Uang palsu ke-436'),
(438, 437, 'Uang palsu ke-437'),
(439, 438, 'Uang palsu ke-438'),
(440, 439, 'Uang palsu ke-439'),
(441, 440, 'Uang palsu ke-440'),
(442, 441, 'Uang palsu ke-441'),
(443, 442, 'Uang palsu ke-442'),
(444, 443, 'Uang palsu ke-443'),
(445, 444, 'Uang palsu ke-444'),
(446, 445, 'Uang palsu ke-445'),
(447, 446, 'Uang palsu ke-446'),
(448, 447, 'Uang palsu ke-447'),
(449, 448, 'Uang palsu ke-448'),
(450, 449, 'Uang palsu ke-449'),
(451, 450, 'Uang palsu ke-450'),
(452, 451, 'Uang palsu ke-451'),
(453, 452, 'Uang palsu ke-452'),
(454, 453, 'Uang palsu ke-453'),
(455, 454, 'Uang palsu ke-454'),
(456, 455, 'Uang palsu ke-455'),
(457, 456, 'Uang palsu ke-456'),
(458, 457, 'Uang palsu ke-457'),
(459, 458, 'Uang palsu ke-458'),
(460, 459, 'Uang palsu ke-459'),
(461, 460, 'Uang palsu ke-460'),
(462, 461, 'Uang palsu ke-461'),
(463, 462, 'Uang palsu ke-462'),
(464, 463, 'Uang palsu ke-463'),
(465, 464, 'Uang palsu ke-464'),
(466, 465, 'Uang palsu ke-465'),
(467, 466, 'Uang palsu ke-466'),
(468, 467, 'Uang palsu ke-467'),
(469, 468, 'Uang palsu ke-468'),
(470, 469, 'Uang palsu ke-469'),
(471, 470, 'Uang palsu ke-470'),
(472, 471, 'Uang palsu ke-471'),
(473, 472, 'Uang palsu ke-472'),
(474, 473, 'Uang palsu ke-473'),
(475, 474, 'Uang palsu ke-474'),
(476, 475, 'Uang palsu ke-475'),
(477, 476, 'Uang palsu ke-476'),
(478, 477, 'Uang palsu ke-477'),
(479, 478, 'Uang palsu ke-478'),
(480, 479, 'Uang palsu ke-479'),
(481, 480, 'Uang palsu ke-480'),
(482, 481, 'Uang palsu ke-481'),
(483, 482, 'Uang palsu ke-482'),
(484, 483, 'Uang palsu ke-483'),
(485, 484, 'Uang palsu ke-484'),
(486, 485, 'Uang palsu ke-485'),
(487, 486, 'Uang palsu ke-486'),
(488, 487, 'Uang palsu ke-487'),
(489, 488, 'Uang palsu ke-488'),
(490, 489, 'Uang palsu ke-489'),
(491, 490, 'Uang palsu ke-490'),
(492, 491, 'Uang palsu ke-491'),
(493, 492, 'Uang palsu ke-492'),
(494, 493, 'Uang palsu ke-493'),
(495, 494, 'Uang palsu ke-494'),
(496, 495, 'Uang palsu ke-495'),
(497, 496, 'Uang palsu ke-496'),
(498, 497, 'Uang palsu ke-497'),
(499, 498, 'Uang palsu ke-498'),
(500, 499, 'Uang palsu ke-499'),
(501, 500, 'Uang palsu ke-500'),
(502, 501, 'Uang palsu ke-501'),
(503, 502, 'Uang palsu ke-502'),
(504, 503, 'Uang palsu ke-503'),
(505, 504, 'Uang palsu ke-504'),
(506, 505, 'Uang palsu ke-505'),
(507, 506, 'Uang palsu ke-506'),
(508, 507, 'Uang palsu ke-507'),
(509, 508, 'Uang palsu ke-508'),
(510, 509, 'Uang palsu ke-509'),
(511, 510, 'Uang palsu ke-510'),
(512, 511, 'Uang palsu ke-511'),
(513, 512, 'Uang palsu ke-512'),
(514, 513, 'Uang palsu ke-513'),
(515, 514, 'Uang palsu ke-514'),
(516, 515, 'Uang palsu ke-515'),
(517, 516, 'Uang palsu ke-516'),
(518, 517, 'Uang palsu ke-517'),
(519, 518, 'Uang palsu ke-518'),
(520, 519, 'Uang palsu ke-519'),
(521, 520, 'Uang palsu ke-520'),
(522, 521, 'Uang palsu ke-521'),
(523, 522, 'Uang palsu ke-522'),
(524, 523, 'Uang palsu ke-523'),
(525, 524, 'Uang palsu ke-524'),
(526, 525, 'Uang palsu ke-525'),
(527, 526, 'Uang palsu ke-526'),
(528, 527, 'Uang palsu ke-527'),
(529, 528, 'Uang palsu ke-528'),
(530, 529, 'Uang palsu ke-529'),
(531, 530, 'Uang palsu ke-530'),
(532, 531, 'Uang palsu ke-531'),
(533, 532, 'Uang palsu ke-532'),
(534, 533, 'Uang palsu ke-533'),
(535, 534, 'Uang palsu ke-534'),
(536, 535, 'Uang palsu ke-535'),
(537, 536, 'Uang palsu ke-536'),
(538, 537, 'Uang palsu ke-537'),
(539, 538, 'Uang palsu ke-538'),
(540, 539, 'Uang palsu ke-539'),
(541, 540, 'Uang palsu ke-540'),
(542, 541, 'Uang palsu ke-541'),
(543, 542, 'Uang palsu ke-542'),
(544, 543, 'Uang palsu ke-543'),
(545, 544, 'Uang palsu ke-544'),
(546, 545, 'Uang palsu ke-545'),
(547, 546, 'Uang palsu ke-546'),
(548, 547, 'Uang palsu ke-547'),
(549, 548, 'Uang palsu ke-548'),
(550, 549, 'Uang palsu ke-549'),
(551, 550, 'Uang palsu ke-550'),
(552, 551, 'Uang palsu ke-551'),
(553, 552, 'Uang palsu ke-552'),
(554, 553, 'Uang palsu ke-553'),
(555, 554, 'Uang palsu ke-554'),
(556, 555, 'Uang palsu ke-555'),
(557, 556, 'Uang palsu ke-556'),
(558, 557, 'Uang palsu ke-557'),
(559, 558, 'Uang palsu ke-558'),
(560, 559, 'Uang palsu ke-559'),
(561, 560, 'Uang palsu ke-560'),
(562, 561, 'Uang palsu ke-561'),
(563, 562, 'Uang palsu ke-562'),
(564, 563, 'Uang palsu ke-563'),
(565, 564, 'Uang palsu ke-564'),
(566, 565, 'Uang palsu ke-565'),
(567, 566, 'Uang palsu ke-566'),
(568, 567, 'Uang palsu ke-567'),
(569, 568, 'Uang palsu ke-568'),
(570, 569, 'Uang palsu ke-569'),
(571, 570, 'Uang palsu ke-570'),
(572, 571, 'Uang palsu ke-571'),
(573, 572, 'Uang palsu ke-572'),
(574, 573, 'Uang palsu ke-573'),
(575, 574, 'Uang palsu ke-574'),
(576, 575, 'Uang palsu ke-575'),
(577, 576, 'Uang palsu ke-576'),
(578, 577, 'Uang palsu ke-577'),
(579, 578, 'Uang palsu ke-578'),
(580, 579, 'Uang palsu ke-579'),
(581, 580, 'Uang palsu ke-580'),
(582, 581, 'Uang palsu ke-581'),
(583, 582, 'Uang palsu ke-582'),
(584, 583, 'Uang palsu ke-583'),
(585, 584, 'Uang palsu ke-584'),
(586, 585, 'Uang palsu ke-585'),
(587, 586, 'Uang palsu ke-586'),
(588, 587, 'Uang palsu ke-587'),
(589, 588, 'Uang palsu ke-588'),
(590, 589, 'Uang palsu ke-589'),
(591, 590, 'Uang palsu ke-590'),
(592, 591, 'Uang palsu ke-591'),
(593, 592, 'Uang palsu ke-592'),
(594, 593, 'Uang palsu ke-593'),
(595, 594, 'Uang palsu ke-594'),
(596, 595, 'Uang palsu ke-595'),
(597, 596, 'Uang palsu ke-596'),
(598, 597, 'Uang palsu ke-597'),
(599, 598, 'Uang palsu ke-598'),
(600, 599, 'Uang palsu ke-599'),
(601, 600, 'Uang palsu ke-600'),
(602, 601, 'Uang palsu ke-601'),
(603, 602, 'Uang palsu ke-602'),
(604, 603, 'Uang palsu ke-603'),
(605, 604, 'Uang palsu ke-604'),
(606, 605, 'Uang palsu ke-605'),
(607, 606, 'Uang palsu ke-606'),
(608, 607, 'Uang palsu ke-607'),
(609, 608, 'Uang palsu ke-608'),
(610, 609, 'Uang palsu ke-609'),
(611, 610, 'Uang palsu ke-610'),
(612, 611, 'Uang palsu ke-611'),
(613, 612, 'Uang palsu ke-612'),
(614, 613, 'Uang palsu ke-613'),
(615, 614, 'Uang palsu ke-614'),
(616, 615, 'Uang palsu ke-615'),
(617, 616, 'Uang palsu ke-616'),
(618, 617, 'Uang palsu ke-617'),
(619, 618, 'Uang palsu ke-618'),
(620, 619, 'Uang palsu ke-619'),
(621, 620, 'Uang palsu ke-620'),
(622, 621, 'Uang palsu ke-621'),
(623, 622, 'Uang palsu ke-622'),
(624, 623, 'Uang palsu ke-623'),
(625, 624, 'Uang palsu ke-624'),
(626, 625, 'Uang palsu ke-625'),
(627, 626, 'Uang palsu ke-626'),
(628, 627, 'Uang palsu ke-627'),
(629, 628, 'Uang palsu ke-628'),
(630, 629, 'Uang palsu ke-629'),
(631, 630, 'Uang palsu ke-630'),
(632, 631, 'Uang palsu ke-631'),
(633, 632, 'Uang palsu ke-632'),
(634, 633, 'Uang palsu ke-633'),
(635, 634, 'Uang palsu ke-634'),
(636, 635, 'Uang palsu ke-635'),
(637, 636, 'Uang palsu ke-636'),
(638, 637, 'Uang palsu ke-637'),
(639, 638, 'Uang palsu ke-638'),
(640, 639, 'Uang palsu ke-639'),
(641, 640, 'Uang palsu ke-640'),
(642, 641, 'Uang palsu ke-641'),
(643, 642, 'Uang palsu ke-642'),
(644, 643, 'Uang palsu ke-643'),
(645, 644, 'Uang palsu ke-644'),
(646, 645, 'Uang palsu ke-645'),
(647, 646, 'Uang palsu ke-646'),
(648, 647, 'Uang palsu ke-647'),
(649, 648, 'Uang palsu ke-648'),
(650, 649, 'Uang palsu ke-649'),
(651, 650, 'Uang palsu ke-650'),
(652, 651, 'Uang palsu ke-651'),
(653, 652, 'Uang palsu ke-652'),
(654, 653, 'Uang palsu ke-653'),
(655, 654, 'Uang palsu ke-654'),
(656, 655, 'Uang palsu ke-655'),
(657, 656, 'Uang palsu ke-656'),
(658, 657, 'Uang palsu ke-657'),
(659, 658, 'Uang palsu ke-658'),
(660, 659, 'Uang palsu ke-659'),
(661, 660, 'Uang palsu ke-660'),
(662, 661, 'Uang palsu ke-661'),
(663, 662, 'Uang palsu ke-662'),
(664, 663, 'Uang palsu ke-663'),
(665, 664, 'Uang palsu ke-664'),
(666, 665, 'Uang palsu ke-665'),
(667, 666, 'Uang palsu ke-666'),
(668, 667, 'Uang palsu ke-667'),
(669, 668, 'Uang palsu ke-668'),
(670, 669, 'Uang palsu ke-669'),
(671, 670, 'Uang palsu ke-670'),
(672, 671, 'Uang palsu ke-671'),
(673, 672, 'Uang palsu ke-672'),
(674, 673, 'Uang palsu ke-673'),
(675, 674, 'Uang palsu ke-674'),
(676, 675, 'Uang palsu ke-675'),
(677, 676, 'Uang palsu ke-676'),
(678, 677, 'Uang palsu ke-677'),
(679, 678, 'Uang palsu ke-678'),
(680, 679, 'Uang palsu ke-679'),
(681, 680, 'Uang palsu ke-680'),
(682, 681, 'Uang palsu ke-681'),
(683, 682, 'Uang palsu ke-682'),
(684, 683, 'Uang palsu ke-683'),
(685, 684, 'Uang palsu ke-684'),
(686, 685, 'Uang palsu ke-685'),
(687, 686, 'Uang palsu ke-686'),
(688, 687, 'Uang palsu ke-687'),
(689, 688, 'Uang palsu ke-688'),
(690, 689, 'Uang palsu ke-689'),
(691, 690, 'Uang palsu ke-690'),
(692, 691, 'Uang palsu ke-691'),
(693, 692, 'Uang palsu ke-692'),
(694, 693, 'Uang palsu ke-693'),
(695, 694, 'Uang palsu ke-694'),
(696, 695, 'Uang palsu ke-695'),
(697, 696, 'Uang palsu ke-696'),
(698, 697, 'Uang palsu ke-697'),
(699, 698, 'Uang palsu ke-698'),
(700, 699, 'Uang palsu ke-699'),
(701, 700, 'Uang palsu ke-700'),
(702, 701, 'Uang palsu ke-701'),
(703, 702, 'Uang palsu ke-702'),
(704, 703, 'Uang palsu ke-703'),
(705, 704, 'Uang palsu ke-704'),
(706, 705, 'Uang palsu ke-705'),
(707, 706, 'Uang palsu ke-706'),
(708, 707, 'Uang palsu ke-707'),
(709, 708, 'Uang palsu ke-708'),
(710, 709, 'Uang palsu ke-709'),
(711, 710, 'Uang palsu ke-710'),
(712, 711, 'Uang palsu ke-711'),
(713, 712, 'Uang palsu ke-712'),
(714, 713, 'Uang palsu ke-713'),
(715, 714, 'Uang palsu ke-714'),
(716, 715, 'Uang palsu ke-715'),
(717, 716, 'Uang palsu ke-716'),
(718, 717, 'Uang palsu ke-717'),
(719, 718, 'Uang palsu ke-718'),
(720, 719, 'Uang palsu ke-719'),
(721, 720, 'Uang palsu ke-720'),
(722, 721, 'Uang palsu ke-721'),
(723, 722, 'Uang palsu ke-722'),
(724, 723, 'Uang palsu ke-723'),
(725, 724, 'Uang palsu ke-724'),
(726, 725, 'Uang palsu ke-725'),
(727, 726, 'Uang palsu ke-726'),
(728, 727, 'Uang palsu ke-727'),
(729, 728, 'Uang palsu ke-728'),
(730, 729, 'Uang palsu ke-729'),
(731, 730, 'Uang palsu ke-730'),
(732, 731, 'Uang palsu ke-731'),
(733, 732, 'Uang palsu ke-732'),
(734, 733, 'Uang palsu ke-733'),
(735, 734, 'Uang palsu ke-734'),
(736, 735, 'Uang palsu ke-735'),
(737, 736, 'Uang palsu ke-736'),
(738, 737, 'Uang palsu ke-737'),
(739, 738, 'Uang palsu ke-738'),
(740, 739, 'Uang palsu ke-739'),
(741, 740, 'Uang palsu ke-740'),
(742, 741, 'Uang palsu ke-741'),
(743, 742, 'Uang palsu ke-742'),
(744, 743, 'Uang palsu ke-743'),
(745, 744, 'Uang palsu ke-744'),
(746, 745, 'Uang palsu ke-745'),
(747, 746, 'Uang palsu ke-746'),
(748, 747, 'Uang palsu ke-747'),
(749, 748, 'Uang palsu ke-748'),
(750, 749, 'Uang palsu ke-749'),
(751, 750, 'Uang palsu ke-750'),
(752, 751, 'Uang palsu ke-751'),
(753, 752, 'Uang palsu ke-752'),
(754, 753, 'Uang palsu ke-753'),
(755, 754, 'Uang palsu ke-754'),
(756, 755, 'Uang palsu ke-755'),
(757, 756, 'Uang palsu ke-756'),
(758, 757, 'Uang palsu ke-757'),
(759, 758, 'Uang palsu ke-758'),
(760, 759, 'Uang palsu ke-759'),
(761, 760, 'Uang palsu ke-760'),
(762, 761, 'Uang palsu ke-761'),
(763, 762, 'Uang palsu ke-762'),
(764, 763, 'Uang palsu ke-763'),
(765, 764, 'Uang palsu ke-764'),
(766, 765, 'Uang palsu ke-765'),
(767, 766, 'Uang palsu ke-766'),
(768, 767, 'Uang palsu ke-767'),
(769, 768, 'Uang palsu ke-768'),
(770, 769, 'Uang palsu ke-769'),
(771, 770, 'Uang palsu ke-770'),
(772, 771, 'Uang palsu ke-771'),
(773, 772, 'Uang palsu ke-772'),
(774, 773, 'Uang palsu ke-773'),
(775, 774, 'Uang palsu ke-774'),
(776, 775, 'Uang palsu ke-775'),
(777, 776, 'Uang palsu ke-776'),
(778, 777, 'Uang palsu ke-777'),
(779, 778, 'Uang palsu ke-778'),
(780, 779, 'Uang palsu ke-779'),
(781, 780, 'Uang palsu ke-780'),
(782, 781, 'Uang palsu ke-781'),
(783, 782, 'Uang palsu ke-782'),
(784, 783, 'Uang palsu ke-783'),
(785, 784, 'Uang palsu ke-784'),
(786, 785, 'Uang palsu ke-785'),
(787, 786, 'Uang palsu ke-786'),
(788, 787, 'Uang palsu ke-787'),
(789, 788, 'Uang palsu ke-788'),
(790, 789, 'Uang palsu ke-789'),
(791, 790, 'Uang palsu ke-790'),
(792, 791, 'Uang palsu ke-791'),
(793, 792, 'Uang palsu ke-792'),
(794, 793, 'Uang palsu ke-793'),
(795, 794, 'Uang palsu ke-794'),
(796, 795, 'Uang palsu ke-795'),
(797, 796, 'Uang palsu ke-796'),
(798, 797, 'Uang palsu ke-797'),
(799, 798, 'Uang palsu ke-798'),
(800, 799, 'Uang palsu ke-799'),
(801, 800, 'Uang palsu ke-800'),
(802, 801, 'Uang palsu ke-801'),
(803, 802, 'Uang palsu ke-802'),
(804, 803, 'Uang palsu ke-803'),
(805, 804, 'Uang palsu ke-804'),
(806, 805, 'Uang palsu ke-805'),
(807, 806, 'Uang palsu ke-806'),
(808, 807, 'Uang palsu ke-807'),
(809, 808, 'Uang palsu ke-808'),
(810, 809, 'Uang palsu ke-809'),
(811, 810, 'Uang palsu ke-810'),
(812, 811, 'Uang palsu ke-811'),
(813, 812, 'Uang palsu ke-812'),
(814, 813, 'Uang palsu ke-813'),
(815, 814, 'Uang palsu ke-814'),
(816, 815, 'Uang palsu ke-815'),
(817, 816, 'Uang palsu ke-816'),
(818, 817, 'Uang palsu ke-817'),
(819, 818, 'Uang palsu ke-818'),
(820, 819, 'Uang palsu ke-819'),
(821, 820, 'Uang palsu ke-820'),
(822, 821, 'Uang palsu ke-821'),
(823, 822, 'Uang palsu ke-822'),
(824, 823, 'Uang palsu ke-823'),
(825, 824, 'Uang palsu ke-824'),
(826, 825, 'Uang palsu ke-825'),
(827, 826, 'Uang palsu ke-826'),
(828, 827, 'Uang palsu ke-827'),
(829, 828, 'Uang palsu ke-828'),
(830, 829, 'Uang palsu ke-829'),
(831, 830, 'Uang palsu ke-830'),
(832, 831, 'Uang palsu ke-831'),
(833, 832, 'Uang palsu ke-832'),
(834, 833, 'Uang palsu ke-833'),
(835, 834, 'Uang palsu ke-834'),
(836, 835, 'Uang palsu ke-835'),
(837, 836, 'Uang palsu ke-836'),
(838, 837, 'Uang palsu ke-837'),
(839, 838, 'Uang palsu ke-838'),
(840, 839, 'Uang palsu ke-839'),
(841, 840, 'Uang palsu ke-840'),
(842, 841, 'Uang palsu ke-841'),
(843, 842, 'Uang palsu ke-842'),
(844, 843, 'Uang palsu ke-843'),
(845, 844, 'Uang palsu ke-844'),
(846, 845, 'Uang palsu ke-845'),
(847, 846, 'Uang palsu ke-846'),
(848, 847, 'Uang palsu ke-847'),
(849, 848, 'Uang palsu ke-848'),
(850, 849, 'Uang palsu ke-849'),
(851, 850, 'Uang palsu ke-850'),
(852, 851, 'Uang palsu ke-851'),
(853, 852, 'Uang palsu ke-852'),
(854, 853, 'Uang palsu ke-853'),
(855, 854, 'Uang palsu ke-854'),
(856, 855, 'Uang palsu ke-855'),
(857, 856, 'Uang palsu ke-856'),
(858, 857, 'Uang palsu ke-857'),
(859, 858, 'Uang palsu ke-858'),
(860, 859, 'Uang palsu ke-859'),
(861, 860, 'Uang palsu ke-860'),
(862, 861, 'Uang palsu ke-861'),
(863, 862, 'Uang palsu ke-862'),
(864, 863, 'Uang palsu ke-863'),
(865, 864, 'Uang palsu ke-864'),
(866, 865, 'Uang palsu ke-865'),
(867, 866, 'Uang palsu ke-866'),
(868, 867, 'Uang palsu ke-867'),
(869, 868, 'Uang palsu ke-868'),
(870, 869, 'Uang palsu ke-869'),
(871, 870, 'Uang palsu ke-870'),
(872, 871, 'Uang palsu ke-871'),
(873, 872, 'Uang palsu ke-872'),
(874, 873, 'Uang palsu ke-873'),
(875, 874, 'Uang palsu ke-874'),
(876, 875, 'Uang palsu ke-875'),
(877, 876, 'Uang palsu ke-876'),
(878, 877, 'Uang palsu ke-877'),
(879, 878, 'Uang palsu ke-878'),
(880, 879, 'Uang palsu ke-879'),
(881, 880, 'Uang palsu ke-880'),
(882, 881, 'Uang palsu ke-881'),
(883, 882, 'Uang palsu ke-882'),
(884, 883, 'Uang palsu ke-883'),
(885, 884, 'Uang palsu ke-884'),
(886, 885, 'Uang palsu ke-885'),
(887, 886, 'Uang palsu ke-886'),
(888, 887, 'Uang palsu ke-887'),
(889, 888, 'Uang palsu ke-888'),
(890, 889, 'Uang palsu ke-889'),
(891, 890, 'Uang palsu ke-890'),
(892, 891, 'Uang palsu ke-891'),
(893, 892, 'Uang palsu ke-892'),
(894, 893, 'Uang palsu ke-893'),
(895, 894, 'Uang palsu ke-894'),
(896, 895, 'Uang palsu ke-895'),
(897, 896, 'Uang palsu ke-896'),
(898, 897, 'Uang palsu ke-897'),
(899, 898, 'Uang palsu ke-898'),
(900, 899, 'Uang palsu ke-899'),
(901, 900, 'Uang palsu ke-900'),
(902, 901, 'Uang palsu ke-901'),
(903, 902, 'Uang palsu ke-902'),
(904, 903, 'Uang palsu ke-903'),
(905, 904, 'Uang palsu ke-904'),
(906, 905, 'Uang palsu ke-905'),
(907, 906, 'Uang palsu ke-906'),
(908, 907, 'Uang palsu ke-907'),
(909, 908, 'Uang palsu ke-908'),
(910, 909, 'Uang palsu ke-909'),
(911, 910, 'Uang palsu ke-910'),
(912, 911, 'Uang palsu ke-911'),
(913, 912, 'Uang palsu ke-912'),
(914, 913, 'Uang palsu ke-913'),
(915, 914, 'Uang palsu ke-914'),
(916, 915, 'Uang palsu ke-915'),
(917, 916, 'Uang palsu ke-916'),
(918, 917, 'Uang palsu ke-917'),
(919, 918, 'Uang palsu ke-918'),
(920, 919, 'Uang palsu ke-919'),
(921, 920, 'Uang palsu ke-920'),
(922, 921, 'Uang palsu ke-921'),
(923, 922, 'Uang palsu ke-922'),
(924, 923, 'Uang palsu ke-923'),
(925, 924, 'Uang palsu ke-924'),
(926, 925, 'Uang palsu ke-925'),
(927, 926, 'Uang palsu ke-926'),
(928, 927, 'Uang palsu ke-927'),
(929, 928, 'Uang palsu ke-928'),
(930, 929, 'Uang palsu ke-929'),
(931, 930, 'Uang palsu ke-930'),
(932, 931, 'Uang palsu ke-931'),
(933, 932, 'Uang palsu ke-932'),
(934, 933, 'Uang palsu ke-933'),
(935, 934, 'Uang palsu ke-934'),
(936, 935, 'Uang palsu ke-935'),
(937, 936, 'Uang palsu ke-936'),
(938, 937, 'Uang palsu ke-937'),
(939, 938, 'Uang palsu ke-938'),
(940, 939, 'Uang palsu ke-939'),
(941, 940, 'Uang palsu ke-940'),
(942, 941, 'Uang palsu ke-941'),
(943, 942, 'Uang palsu ke-942'),
(944, 943, 'Uang palsu ke-943'),
(945, 944, 'Uang palsu ke-944'),
(946, 945, 'Uang palsu ke-945'),
(947, 946, 'Uang palsu ke-946'),
(948, 947, 'Uang palsu ke-947'),
(949, 948, 'Uang palsu ke-948'),
(950, 949, 'Uang palsu ke-949'),
(951, 950, 'Uang palsu ke-950'),
(952, 951, 'Uang palsu ke-951'),
(953, 952, 'Uang palsu ke-952'),
(954, 953, 'Uang palsu ke-953'),
(955, 954, 'Uang palsu ke-954'),
(956, 955, 'Uang palsu ke-955'),
(957, 956, 'Uang palsu ke-956'),
(958, 957, 'Uang palsu ke-957'),
(959, 958, 'Uang palsu ke-958'),
(960, 959, 'Uang palsu ke-959'),
(961, 960, 'Uang palsu ke-960'),
(962, 961, 'Uang palsu ke-961'),
(963, 962, 'Uang palsu ke-962'),
(964, 963, 'Uang palsu ke-963'),
(965, 964, 'Uang palsu ke-964'),
(966, 965, 'Uang palsu ke-965'),
(967, 966, 'Uang palsu ke-966'),
(968, 967, 'Uang palsu ke-967'),
(969, 968, 'Uang palsu ke-968'),
(970, 969, 'Uang palsu ke-969'),
(971, 970, 'Uang palsu ke-970'),
(972, 971, 'Uang palsu ke-971'),
(973, 972, 'Uang palsu ke-972'),
(974, 973, 'Uang palsu ke-973'),
(975, 974, 'Uang palsu ke-974'),
(976, 975, 'Uang palsu ke-975'),
(977, 976, 'Uang palsu ke-976'),
(978, 977, 'Uang palsu ke-977'),
(979, 978, 'Uang palsu ke-978'),
(980, 979, 'Uang palsu ke-979'),
(981, 980, 'Uang palsu ke-980'),
(982, 981, 'Uang palsu ke-981'),
(983, 982, 'Uang palsu ke-982'),
(984, 983, 'Uang palsu ke-983'),
(985, 984, 'Uang palsu ke-984'),
(986, 985, 'Uang palsu ke-985'),
(987, 986, 'Uang palsu ke-986'),
(988, 987, 'Uang palsu ke-987'),
(989, 988, 'Uang palsu ke-988'),
(990, 989, 'Uang palsu ke-989'),
(991, 990, 'Uang palsu ke-990'),
(992, 991, 'Uang palsu ke-991'),
(993, 992, 'Uang palsu ke-992'),
(994, 993, 'Uang palsu ke-993'),
(995, 994, 'Uang palsu ke-994'),
(996, 995, 'Uang palsu ke-995'),
(997, 996, 'Uang palsu ke-996'),
(998, 997, 'Uang palsu ke-997'),
(999, 998, 'Uang palsu ke-998'),
(1000, 999, 'Uang palsu ke-999');

-- --------------------------------------------------------

--
-- Structure for view `report_uang_palsu`
--
DROP TABLE IF EXISTS `report_uang_palsu`;

CREATE ALGORITHM=UNDEFINED DEFINER=`root`@`localhost` SQL SECURITY DEFINER VIEW `report_uang_palsu`  AS SELECT `u`.`jenis` AS `jenis_uang`, count(`up`.`id`) AS `jumlah_palsu` FROM (`uang` `u` left join `uang_palsu` `up` on(`u`.`id` = `up`.`id_uang`)) GROUP BY `u`.`jenis` ORDER BY count(`up`.`id`) AS `DESCdesc` ASC  ;

--
-- Indexes for dumped tables
--

--
-- Indexes for table `transaksi`
--
ALTER TABLE `transaksi`
  ADD PRIMARY KEY (`id`),
  ADD KEY `uang_id` (`uang_id`);

--
-- Indexes for table `uang`
--
ALTER TABLE `uang`
  ADD PRIMARY KEY (`id`);

--
-- Indexes for table `uang_palsu`
--
ALTER TABLE `uang_palsu`
  ADD PRIMARY KEY (`id`),
  ADD KEY `id_uang` (`id_uang`);

--
-- AUTO_INCREMENT for dumped tables
--

--
-- AUTO_INCREMENT for table `uang_palsu`
--
ALTER TABLE `uang_palsu`
  MODIFY `id` int(11) NOT NULL AUTO_INCREMENT, AUTO_INCREMENT=1024;

--
-- Constraints for dumped tables
--

--
-- Constraints for table `transaksi`
--
ALTER TABLE `transaksi`
  ADD CONSTRAINT `transaksi_ibfk_1` FOREIGN KEY (`uang_id`) REFERENCES `uang` (`id`);

--
-- Constraints for table `uang_palsu`
--
ALTER TABLE `uang_palsu`
  ADD CONSTRAINT `uang_palsu_ibfk_1` FOREIGN KEY (`id_uang`) REFERENCES `uang` (`id`);
COMMIT;

/*!40101 SET CHARACTER_SET_CLIENT=@OLD_CHARACTER_SET_CLIENT */;
/*!40101 SET CHARACTER_SET_RESULTS=@OLD_CHARACTER_SET_RESULTS */;
/*!40101 SET COLLATION_CONNECTION=@OLD_COLLATION_CONNECTION */;
